frame_index,time_s,shooting_elbow_angle_deg,shooting_knee_angle_deg,wrist_height_norm,guide_hand_distance,shoulder_alignment_deg,shooting_wrist_height_norm,guide_wrist_height_norm,max_wrist_height_norm,shoulder_mid_height_norm,hip_mid_y,ankle_mid_y,body_center_x,body_center_y,stance_width_dist,mean_visibility,wrist_speed_norm_per_s,body_speed_norm_per_s,shot_form_score
0,0.0,122.27616885747786,151.51968684636353,0.6703014075756073,0.1447025948735796,10.333039171284412,0.6703014075756073,0.660232424736023,0.6703014075756073,0.7349922060966492,0.365474134683609,0.5060079991817474,0.38245460391044617,0.365474134683609,0.07545364014735086,0.7882991460236636,0.24664722008581702,0.08352727536986389,0.7533062152339554
1,0.033326502732240436,103.35090254595566,161.2481548771897,0.6817337870597839,0.18034039337797061,12.15480151795171,0.6817337870597839,0.6672093272209167,0.6817337870597839,0.73459792137146,0.367156058549881,0.5073874890804291,0.3859930485486984,0.367156058549881,0.06895913394019038,0.793434318493713,0.2764605261854071,0.12254104636170708,0.6571098386664869
2,0.06665300546448087,122.28033690149613,166.47283547819222,0.693958580493927,0.23337428254894238,37.3637621446866,0.693958580493927,0.6668663918972015,0.693958580493927,0.7319551259279251,0.36998559534549713,0.5074395537376404,0.3894057869911194,0.36998559534549713,0.07058924282757956,0.7976249520751563,0.30811885036733916,0.13825057946038738,0.7717708601185136
3,0.09997950819672131,153.04985905186396,160.69636586879804,0.704486608505249,0.27312704532946036,11.954228447262778,0.704486608505249,0.6698757410049438,0.704486608505249,0.7263417690992355,0.3750740736722946,0.5078936517238617,0.3955587297677994,0.3750740736722946,0.05659726675485085,0.8106225783174689,0.3840879125764002,0.17059556542940923,0.9655033685054977
4,0.13330601092896174,144.04930418922547,174.08767367250408,0.7179428935050964,0.3690070377785112,6.713252209648999,0.7179428935050964,0.6773394048213959,0.7179428935050964,0.7250621318817139,0.3790813684463501,0.5113017857074738,0.4009302109479904,0.3790813684463501,0.06247486640188923,0.8141032875035749,0.34990079371661564,0.18855233253057063,0.9052441502773484
5,0.1666325136612022,157.70643097971015,160.96284897405843,0.7064152359962463,0.3842200948146342,12.779515033271224,0.7064152359962463,0.6526877284049988,0.7064152359962463,0.7248699069023132,0.3803805559873581,0.5120907127857208,0.40616101026535034,0.3803805559873581,0.07719536791056851,0.8182681686047352,0.3811530819836454,0.19915222136812538,0.9904927633712611
6,0.19995901639344263,155.64820500764347,156.38150452701632,0.7095350623130798,0.3948053225381646,13.654020327341925,0.7095350623130798,0.643014669418335,0.7095350623130798,0.7219736576080322,0.3846419155597687,0.511633038520813,0.41160060465335846,0.3846419155597687,0.08253530640403847,0.8227849839763208,0.4681514124050418,0.18893002689115912,0.9847122500424638
7,0.23328551912568304,145.9706876678513,152.4064363508984,0.692732572555542,0.2714076188661645,19.451225972898243,0.692732572555542,0.6430945694446564,0.692732572555542,0.7191136479377747,0.3840487152338028,0.5098475515842438,0.4177716225385666,0.3840487152338028,0.06543915777956559,0.8299574840700987,0.4828244965594214,0.18694726698035155,0.9309482648213961
8,0.2666120218579235,131.52468177583805,145.90939273828707,0.6667782366275787,0.24525236002952813,32.960321310906096,0.6667782366275787,0.6354556977748871,0.6667782366275787,0.717253789305687,0.3848695605993271,0.4995163083076477,0.4239988476037979,0.3848695605993271,0.05633015724174431,0.8310622360670206,0.4464998478131707,0.1794620653753314,0.8506926765324336
9,0.2999385245901639,165.36642190770596,158.54937360446414,0.6829174160957336,0.25035814068762857,100.44876183779365,0.6829174160957336,0.6396163403987885,0.6829174160957336,0.7182611674070358,0.38108640909194946,0.5009894222021103,0.42912523448467255,0.38108640909194946,0.11067704929057692,0.8310899438731598,0.6932286437305807,0.16383636075975921,1.0387023439316998
10,0.3332650273224044,159.21410985882224,153.43038351321033,0.6777473986148834,0.3145364209834125,75.53197057821433,0.6777473986148834,0.6733205914497375,0.6777473986148834,0.7201670706272125,0.3805873245000839,0.49950772523880005,0.4332375079393387,0.3805873245000839,0.13441902299840816,0.8292727021105362,0.619694428017206,0.14849184300132812,1.0045228325490125
11,0.3665915300546448,68.77197351479744,143.85675572595295,0.7249351441860199,0.2575103016456804,61.35536415656469,0.7249351441860199,0.709270179271698,0.7249351441860199,0.7211249619722366,0.38063517212867737,0.5040489137172699,0.43754351139068604,0.38063517212867737,0.1080551809964161,0.8301093589627382,0.4839360600135486,0.13503481794033234,0.5134970661680023
12,0.39991803278688526,55.80760898647087,152.78991436044657,0.7293327450752258,0.21819269376138892,26.08271798422294,0.7293327450752258,0.6939277052879333,0.7293327450752258,0.7217240631580353,0.37978529930114746,0.5070669949054718,0.441085547208786,0.37978529930114746,0.10426873370220609,0.8334498558983658,0.4142073275939912,0.12340937726513006,0.452868317898632
13,0.4332445355191257,54.232656044548584,153.16997281074575,0.7286733090877533,0.18150438854679438,32.42689591491853,0.7286733090877533,0.6925032138824463,0.7286733090877533,0.7235948890447617,0.3793518394231796,0.5053994655609131,0.44510093331336975,0.3793518394231796,0.12118300160227384,0.8339056733882788,0.40561052123125346,0.12246959716836502,0.4365277937098004
14,0.4665710382513661,48.97451226342996,150.0647582064877,0.7257093787193298,0.17442609845612772,72.00198757999135,0.7257093787193298,0.6463779807090759,0.7257093787193298,0.7268317192792892,0.3789054602384567,0.5046131312847137,0.44951242208480835,0.3789054602384567,0.10923563062300955,0.8323430895353808,0.15730282408337787,0.11260224170769889,0.3192714709107354
15,0.49989754098360656,56.63017426189554,162.6198545839411,0.7224082052707672,0.2012710831991068,40.94741814371005,0.7224082052707672,0.6392936706542969,0.7224082052707672,0.7291198670864105,0.3790441155433655,0.5075271427631378,0.4534958600997925,0.3790441155433655,0.06846088612963379,0.8294759731401097,0.2445039374269848,0.11269442204658517,0.3879632604608485
16,0.533224043715847,65.91281433351793,165.81590716863042,0.7170223295688629,0.22050421729850772,35.82934087283701,0.7170223295688629,0.641237884759903,0.7170223295688629,0.7298633605241776,0.37908948957920074,0.5118242800235748,0.45615752041339874,0.37908948957920074,0.07894782364972859,0.828777825967832,0.31895279464624876,0.11251898348724217,0.461868140246752
17,0.5665505464480874,87.61434380320118,169.6107022313095,0.6971520483493805,0.20054206224278076,36.628104440467354,0.6971520483493805,0.6363144218921661,0.6971520483493805,0.7297344505786896,0.38013283908367157,0.5124401152133942,0.4596634954214096,0.38013283908367157,0.08316910268385323,0.8280614099719308,0.41036162078882443,0.11123440054130605,0.6067463544622288
18,0.5998770491803278,109.00911863026819,156.77359562066667,0.6811510622501373,0.18890176321749944,25.08649740307223,0.6811510622501373,0.6350929141044617,0.6811510622501373,0.729766383767128,0.37930260598659515,0.5111871659755707,0.46358607709407806,0.37930260598659515,0.10234325526419982,0.8365773470564322,0.46707806569051485,0.12774151880296758,0.7256062146126011
19,0.6332035519125683,131.30047933758775,161.60626852875876,0.6610362529754639,0.16304003231479272,41.65010424209186,0.6610362529754639,0.632764607667923,0.6610362529754639,0.7293186783790588,0.37879320979118347,0.5105331540107727,0.4677751809358597,0.37879320979118347,0.11458826289584807,0.8456674245270815,0.45735755901743874,0.14059978615474783,0.849447107431043
20,0.6665300546448087,141.07289354870446,161.11154440213497,0.6480558216571808,0.1446846022896906,29.89961740048085,0.6480558216571808,0.6305201947689056,0.6480558216571808,0.7269930988550186,0.3787786662578583,0.5101211965084076,0.47451163828372955,0.3787786662578583,0.11680092755005228,0.8561715185642242,0.37682224273465836,0.15687053217944494,0.8967849703132
21,0.6998565573770492,138.63710219656602,162.43211392223662,0.6482239067554474,0.12543641984283063,21.602214874706874,0.6482239067554474,0.6298750936985016,0.6482239067554474,0.7251093685626984,0.3807431310415268,0.5111930668354034,0.4788963347673416,0.3807431310415268,0.10284552633601501,0.8630626373218767,0.30855863982094134,0.1631738564840316,0.862773715260538
22,0.7331830601092896,138.67463923760238,150.18983904868995,0.6459663808345795,0.1098809887231372,24.73931426997973,0.6459663808345795,0.6290099918842316,0.6459663808345795,0.72373166680336,0.38073521852493286,0.5090495049953461,0.48526549339294434,0.38073521852493286,0.11267340398978334,0.8709311783313751,0.21956635627369214,0.16637490405339517,0.8362845693132319
23,0.76650956284153,140.12878782958734,145.9784175848976,0.6453227698802948,0.0890279549379547,24.2400796841751,0.6453227698802948,0.6277620494365692,0.6453227698802948,0.7233139127492905,0.38064776360988617,0.5071355998516083,0.49032455682754517,0.38064776360988617,0.09936951676674682,0.8749160143462095,0.15052954158358756,0.15397895547369503,0.8236521281950059
24,0.7998360655737705,134.9365122105647,135.92548783495457,0.6420822739601135,0.08992855878469111,30.21881318622249,0.6420822739601135,0.6275354325771332,0.6420822739601135,0.7234184145927429,0.3800099641084671,0.4977181702852249,0.49503493309020996,0.3800099641084671,0.0905877124493243,0.8764397285201333,0.15535160833813919,0.15357043140837237,0.7962527725601345
25,0.8331625683060109,136.2751947918156,128.68046266247362,0.6419190466403961,0.11139152919936603,22.98200033459122,0.6419190466403961,0.6309591233730316,0.6419190466403961,0.7237406522035599,0.37653058767318726,0.4955919533967972,0.4981512278318405,0.37653058767318726,0.08230557024873726,0.8721179284832694,0.14228400106119704,0.14673997466940916,0.7997696158284459
26,0.8664890710382513,136.02846916406364,137.4892280180625,0.6441960334777832,0.09224678010514924,23.691689013869535,0.6441960334777832,0.6361787915229797,0.6441960334777832,0.7245973199605942,0.37571272253990173,0.497816801071167,0.5028166621923447,0.37571272253990173,0.08682206536806628,0.8639189582882505,0.1449275714752527,0.1503528897925378,0.7991919890207071
27,0.8998155737704918,136.69236106651525,139.8326423885196,0.6457764208316803,0.11149760355444854,25.07204420995643,0.6457764208316803,0.6414721608161926,0.6457764208316803,0.7280774414539337,0.37273192405700684,0.49877941608428955,0.5071152746677399,0.37273192405700684,0.07895637553940779,0.8584832016265753,0.12958815151432027,0.13904213451815528,0.7982784513793807
28,0.9331420765027322,133.38346949950784,141.57366106985677,0.6469423472881317,0.11604935531174375,36.36416381256143,0.6469423472881317,0.6418810486793518,0.6469423472881317,0.7299229353666306,0.37108252942562103,0.4928686320781708,0.5125315487384796,0.37108252942562103,0.09167575831842786,0.8522202616388147,0.13063623425133003,0.130306379259638,0.7802101452726647
29,0.9664685792349726,132.53589673766317,155.90757983853155,0.6483953893184662,0.11618522204399988,34.85386282716178,0.6483953893184662,0.6424667835235596,0.6483953893184662,0.7300132662057877,0.3716709762811661,0.5015919804573059,0.5153391659259796,0.3716709762811661,0.10059064695543088,0.8447971163374005,0.1292827579405668,0.12822244952647105,0.7750953648136321
30,0.9997950819672131,131.95542245444636,167.92461916373188,0.6491763293743134,0.11664956170591989,22.24334586287648,0.6491763293743134,0.6478588581085205,0.6491763293743134,0.7298813313245773,0.37196971476078033,0.5001138746738434,0.5185405015945435,0.37196971476078033,0.07968186539842195,0.83876686881889,0.15851033742244006,0.11969555069056129,0.7806387815292118
31,1.0331215846994535,131.0894590705822,164.57648991766803,0.6518088281154633,0.13775996190759138,12.769206165809834,0.6518088281154633,0.6476182639598846,0.6518088281154633,0.7299229055643082,0.3732091188430786,0.502178817987442,0.5227512121200562,0.3732091188430786,0.08368134459922132,0.8344725740678383,0.20999189317514358,0.11333298569164997,0.7912723405668886
32,1.066448087431694,121.28518437114509,171.99137126444282,0.6606408953666687,0.16417939831133527,5.4728642161475705,0.6606408953666687,0.6511270105838776,0.6606408953666687,0.7297783195972443,0.37500256299972534,0.5101539492607117,0.5261128544807434,0.37500256299972534,0.0913189903423788,0.8325410706527305,0.25710694676543994,0.11633877674644062,0.750938663869327
33,1.0997745901639344,118.84309741978181,177.45739476024482,0.6739942133426666,0.1994327266774321,2.2187936757127034,0.6739942133426666,0.6581661701202393,0.6739942133426666,0.7295982986688614,0.37538255751132965,0.50919309258461,0.5306987762451172,0.37538255751132965,0.09713922370801242,0.8322600541692792,0.2748230419798581,0.1317829619259892,0.7426863427038564
34,1.1331010928961749,129.28320231121307,173.54412505926857,0.6844954490661621,0.2409629977333569,7.029839657603873,0.6844954490661621,0.6612858474254608,0.6844954490661621,0.7295035719871521,0.3759825825691223,0.5087589621543884,0.5340144038200378,0.3759825825691223,0.12579593431639322,0.8337925898306298,0.2685488151440213,0.12745274143119356,0.798804657383279
35,1.1664275956284154,137.56502223169875,170.6792689292827,0.6879355609416962,0.2585758446910516,11.548803859656914,0.6879355609416962,0.6651677489280701,0.6879355609416962,0.7272528260946274,0.37849561870098114,0.5133604109287262,0.5392292141914368,0.37849561870098114,0.10734017732335355,0.8331565554394866,0.24276389351150365,0.13477125721059952,0.8370792915628885
36,1.1997540983606556,150.57288361216146,173.05639519750702,0.6894240975379944,0.2346479802195902,18.835705999775826,0.6894240975379944,0.6738147139549255,0.6894240975379944,0.7256555110216141,0.3790421634912491,0.5114609003067017,0.5428560376167297,0.3790421634912491,0.11568137989953706,0.8329578073638858,0.19974124757357858,0.15366092944703535,0.8964383943396372
37,1.233080601092896,111.92052322785646,173.311979887915,0.690595269203186,0.210035772816877,24.651423310316915,0.690595269203186,0.6715195775032043,0.690595269203186,0.7241027653217316,0.3793729692697525,0.5110986530780792,0.54787477850914,0.3793729692697525,0.12052488021431947,0.8334817254182064,0.16867676944677096,0.16597329914347136,0.6723837154332338
38,1.2664071038251365,91.66554077517841,142.60023053937584,0.688335120677948,0.22525996218850766,99.15559785880748,0.688335120677948,0.6678838729858398,0.688335120677948,0.722608208656311,0.38347890973091125,0.5088209211826324,0.5544468760490417,0.38347890973091125,0.10307621463336532,0.8342522635604396,0.15097702022236437,0.14873894282332484,0.5545461103732561
39,1.299733606557377,96.14215001292547,150.505822214467,0.6860585808753967,0.24320045126338852,99.66210229107463,0.6860585808753967,0.6707748174667358,0.6860585808753967,0.7225864380598068,0.38276219367980957,0.5042649358510971,0.5598204135894775,0.38276219367980957,0.09743617339840077,0.8330688295942364,0.1609645114614001,0.15145417742040687,0.5824124090657837
40,1.3330601092896175,92.61309151756352,160.07380579356433,0.684400886297226,0.20766273928636664,9.105224220750472,0.684400886297226,0.6747803092002869,0.684400886297226,0.7231610715389252,0.38214564323425293,0.49826620519161224,0.5626714527606964,0.38214564323425293,0.1191649124742065,0.8338015763597055,0.1554796766475581,0.1422882397419754,0.5611610780918426
41,1.366386612021858,94.63205085556638,163.69318507954884,0.6799524426460266,0.17808882399949424,1.6919399780739468,0.6799524426460266,0.6780064404010773,0.6799524426460266,0.7241589725017548,0.37978416681289673,0.4960833042860031,0.5660477876663208,0.37978416681289673,0.1268736981634339,0.8309271714904092,0.14298958974062187,0.12639513763239607,0.5686304927864442
42,1.3997131147540984,99.48117146640753,164.92812663122766,0.6768806576728821,0.16643724638826093,3.894713987451752,0.6768806576728821,0.6793521046638489,0.6793521046638489,0.7249709367752075,0.37785351276397705,0.4954790472984314,0.5689698755741119,0.37785351276397705,0.12311015592876441,0.8289470331686916,0.13470714579219675,0.12052506435459638,0.5930853185510342
43,1.4330396174863387,100.14304460630115,167.7127540287116,0.6742824912071228,0.14531667309671722,9.892933667574454,0.6742824912071228,0.6766597330570221,0.6766597330570221,0.72700235247612,0.3748423904180527,0.49555452167987823,0.5730872750282288,0.3748423904180527,0.1178310144468519,0.8251524953679605,0.1297621168655865,0.12502691070614072,0.5952788828724601
44,1.4663661202185791,101.42502712692375,164.1307861754188,0.6730209589004517,0.14804508973492134,4.781506630357342,0.6730209589004517,0.67547407746315,0.67547407746315,0.7294358313083649,0.3736267685890198,0.49660953879356384,0.5773607194423676,0.3736267685890198,0.10813599342123086,0.8215243389660661,0.11584322072351882,0.11994208815302675,0.5982253391444099
45,1.4996926229508196,104.76019392872062,164.98431639382807,0.6733459532260895,0.1546198423392779,8.315297859580369,0.6733459532260895,0.6750255525112152,0.6750255525112152,0.7318061888217926,0.3709004372358322,0.4980018138885498,0.5798132121562958,0.3709004372358322,0.09973903764170618,0.818458575416695,0.11124030107947055,0.11987536660542648,0.6153731677056223
46,1.53301912568306,102.61420072638911,166.0764691423743,0.6732448637485504,0.13318375875776742,6.435857073600488,0.6732448637485504,0.6746550500392914,0.6746550500392914,0.7315700948238373,0.37114541232585907,0.4977933168411255,0.5830769538879395,0.37114541232585907,0.10019580226149712,0.8142600450100321,0.09768570120988584,0.10358246486693547,0.5993846032873498
47,1.5663456284153006,109.36669071238082,166.75830234177167,0.6734582781791687,0.13179991497541868,3.232373762050912,0.6734582781791687,0.67478808760643,0.67478808760643,0.7315737009048462,0.37156330049037933,0.4972139745950699,0.5865430235862732,0.37156330049037933,0.10807506525554386,0.8067466745322401,0.09838604985869018,0.09204909602085085,0.6371085411375005
48,1.599672131147541,118.41969378566104,165.7409231792853,0.6723533868789673,0.14657484646220253,0.49459111643565734,0.6723533868789673,0.67283496260643,0.67283496260643,0.732978418469429,0.37124399840831757,0.5004673898220062,0.5889075994491577,0.37124399840831757,0.1064391494922855,0.8017108810670448,0.10574467309457307,0.08872514107419018,0.6896105896264888
49,1.6329986338797815,125.90479285226677,165.4824245391157,0.6685357987880707,0.12225344591445848,2.7801919062193576,0.6685357987880707,0.6656270027160645,0.6685357987880707,0.7328980714082718,0.3713948577642441,0.5021207332611084,0.5914242267608643,0.3713948577642441,0.08892312823954743,0.7973828559572046,0.10546952912480682,0.08844643581588117,0.7311119301389241
50,1.6663251366120218,130.70717728859668,146.92198524757012,0.6664956212043762,0.10766429491592043,5.541408800153022,0.6664956212043762,0.6653409600257874,0.6664956212043762,0.7322657406330109,0.37099041044712067,0.502176970243454,0.5945110619068146,0.37099041044712067,0.10201700143727326,0.7953616308443474,0.108134703336634,0.09089715694077245,0.7585913959376384
51,1.6996516393442622,125.33818040101117,152.45466524762102,0.6666355729103088,0.11002986154545474,4.7194139949369855,0.6666355729103088,0.6626747250556946,0.6666355729103088,0.7313122898340225,0.3707357496023178,0.5018275380134583,0.5977274775505066,0.3707357496023178,0.09538694341588608,0.7929450971159068,0.11651347668007413,0.09234672348633757,0.7312772674540844
52,1.7329781420765027,127.53424652810007,149.7441349622586,0.6662284433841705,0.09316968732359282,3.417044985994039,0.6662284433841705,0.661485493183136,0.6662284433841705,0.7297596782445908,0.37091274559497833,0.501713901758194,0.601622998714447,0.37091274559497833,0.08664286141257511,0.7886998736948678,0.12241503186721635,0.1012139366791352,0.7452481013829431
53,1.7663046448087432,131.8151099846472,148.45376059730518,0.6631916761398315,0.09035162747568813,1.7103287745662783,0.6631916761398315,0.6569990813732147,0.6631916761398315,0.727693498134613,0.3711899518966675,0.5021540820598602,0.6042359173297882,0.3711899518966675,0.08875704469455145,0.7864303322452487,0.12220178283371945,0.10390076267656052,0.7689667014314892
54,1.7996311475409836,131.57386640416917,148.51823799464083,0.6593343019485474,0.09670052805077986,2.314590727315249,0.6593343019485474,0.6537203192710876,0.6593343019485474,0.726895272731781,0.37122923135757446,0.5016389191150665,0.6082344353199005,0.37122923135757446,0.0711360471201693,0.7831217405019384,0.13949487799998,0.1180942117427406,0.7728143878676005
55,1.832957650273224,125.07062154942108,144.28430066618057,0.6602000892162323,0.11712606448133928,1.9213199302780026,0.6602000892162323,0.6560150980949402,0.6602000892162323,0.7268150001764297,0.3712545335292816,0.49986545741558075,0.6117952764034271,0.3712545335292816,0.07684955048008173,0.7805162880456809,0.15570912581787738,0.12053467959166868,0.7415495241310359
56,1.8662841530054644,123.69246691040624,144.50275853591842,0.6569924354553223,0.11897528307106624,8.581469595784313,0.6569924354553223,0.6586055755615234,0.6586055755615234,0.7254141122102737,0.3733358532190323,0.4974933862686157,0.6169850528240204,0.3733358532190323,0.06908330049805739,0.7775837478764129,0.15656952072331531,0.12601774923114117,0.7341512279414737
57,1.8996106557377048,126.98580707365457,146.57134396800913,0.6517238020896912,0.12155123072860072,5.529946469960436,0.6517238020896912,0.6606572270393372,0.6606572270393372,0.7246976047754288,0.3749158978462219,0.4950491189956665,0.6209909021854401,0.3749158978462219,0.061813686470962484,0.774653971195221,0.13952808797863114,0.11750300137207237,0.747335132358337
58,1.9329371584699453,128.91181189522504,142.626912031576,0.6538891196250916,0.11612710499931056,5.3115923761462795,0.6538891196250916,0.662773072719574,0.662773072719574,0.7249105870723724,0.37481391429901123,0.4940367192029953,0.6245306730270386,0.37481391429901123,0.06399657731274483,0.7735432783762614,0.14130684437290697,0.12013876013600203,0.7585687860631224
59,1.9662636612021858,129.81323471320124,150.73999542639888,0.654763400554657,0.10574977729647238,6.665154294460507,0.654763400554657,0.661162406206131,0.661162406206131,0.7252145707607269,0.37460795044898987,0.49194662272930145,0.6271023154258728,0.37460795044898987,0.06965920260326937,0.7723321411194224,0.12495511004974348,0.10617370590604859,0.7586711703104855
60,1.9995901639344262,129.29243063236493,151.3818618170719,0.6562128663063049,0.11505454805932074,7.95805725161398,0.6562128663063049,0.6636553108692169,0.6636553108692169,0.7256997674703598,0.3730546832084656,0.49113598465919495,0.6307885646820068,0.3730546832084656,0.06591799770010079,0.77248243953694,0.11313898192963937,0.10164072871352108,0.7522329758698081
61,2.0329166666666665,128.62541462162443,151.49460430880626,0.6579994559288025,0.1139616990474067,4.231281137463185,0.6579994559288025,0.6665792167186737,0.6665792167186737,0.726837694644928,0.3714895695447922,0.4871082603931427,0.633653461933136,0.3714895695447922,0.0568608221557277,0.7701310445413445,0.10403037212028224,0.09658339819723356,0.7457947484228871
62,2.066243169398907,127.5221447504811,151.9810858942607,0.6610033512115479,0.10362356627554346,3.3538992924438844,0.6610033512115479,0.6707662343978882,0.6707662343978882,0.7279208898544312,0.37160418927669525,0.4892781525850296,0.6372024714946747,0.37160418927669525,0.04973781862714919,0.7688099806281653,0.09886624568505804,0.09234017677731648,0.7381162334304124
63,2.0995696721311474,126.33018708108843,155.30766697320112,0.6612780690193176,0.12021073982185604,3.6475741786162814,0.6612780690193176,0.6660712659358978,0.6660712659358978,0.7285845875740051,0.37226104736328125,0.497431144118309,0.6398198306560516,0.37226104736328125,0.04972353852493937,0.7680266304223826,0.08971348100658987,0.08305788903999622,0.7287484169746904
64,2.132896174863388,128.68474653139725,149.02305702915385,0.6616278886795044,0.1425816891117614,1.554602025688581,0.6616278886795044,0.6665377914905548,0.6665377914905548,0.7284962087869644,0.37269262969493866,0.4998224973678589,0.6416422426700592,0.37269262969493866,0.06297132568140573,0.7682711267561624,0.08372498656536163,0.07808065857035938,0.7400327544773709
65,2.1662226775956284,130.22190862669112,144.41916730377255,0.6618339717388153,0.15522695077241147,0.9374893106715092,0.6618339717388153,0.6652201116085052,0.6652201116085052,0.7285467088222504,0.37305091321468353,0.501356691122055,0.6440693438053131,0.37305091321468353,0.07517070094340385,0.769465476387378,0.0755146988618289,0.0717231456623408,0.7461094575846104
66,2.199549180327869,126.79098029947022,141.00891087980514,0.6618276238441467,0.15420721782172794,0.10636136625151948,0.6618276238441467,0.6680979132652283,0.6680979132652283,0.7280827760696411,0.37357351183891296,0.502013623714447,0.6464477777481079,0.37357351183891296,0.07463289740385214,0.770911204995531,0.07880501621233749,0.07259208640520114,0.7280358398607579
67,2.2328756830601093,126.68566786438284,141.03982621523096,0.6596023738384247,0.13588752304910398,0.05089054007436289,0.6596023738384247,0.6669989228248596,0.6669989228248596,0.72630675137043,0.3741987943649292,0.5018666982650757,0.6488595306873322,0.3741987943649292,0.07394997349875626,0.7717840727983099,0.09698921933679602,0.08227675278939767,0.7329060317142768
68,2.2662021857923498,125.24370937687256,143.1396477945192,0.6581034362316132,0.13393675425591756,0.12533074006586276,0.6581034362316132,0.6630873084068298,0.6630873084068298,0.7242059111595154,0.37466655671596527,0.5015757381916046,0.6516641080379486,0.37466655671596527,0.0720355686629438,0.772538605964545,0.10404612142305726,0.09118640103447291,0.727012221853987
69,2.2995286885245902,131.24139102241006,145.55744603859557,0.654500275850296,0.13147287572565391,2.3759981519784787,0.654500275850296,0.6577002108097076,0.6577002108097076,0.7227886766195297,0.37579281628131866,0.501157283782959,0.6549637913703918,0.37579281628131866,0.07091058520288707,0.7735980649789175,0.1109391341423056,0.0991261214063272,0.762400579256081
70,2.3328551912568307,129.99872926960188,144.743118533374,0.6533486247062683,0.13620687289537547,3.901686427913205,0.6533486247062683,0.658247172832489,0.658247172832489,0.7214019149541855,0.3777395486831665,0.5009042322635651,0.6583870053291321,0.3777395486831665,0.07353754004894122,0.7733477206166947,0.11120123844124623,0.10449193635169284,0.7555755341412731
71,2.366181693989071,128.70836644588243,145.50321054435932,0.6541419923305511,0.13482576354821207,2.1677704855232207,0.6541419923305511,0.6621170043945312,0.6621170043945312,0.7204585373401642,0.37926052510738373,0.501030683517456,0.6618236601352692,0.37926052510738373,0.07238241000422706,0.7730602167095199,0.11290319792943997,0.10182628334017405,0.7489174396337344
72,2.399508196721311,127.599177585507,139.34110479477255,0.6546246409416199,0.12794943916071005,0.19007878749050633,0.6546246409416199,0.6645244657993317,0.6645244657993317,0.7200571298599243,0.3800595700740814,0.5011930465698242,0.665113627910614,0.3800595700740814,0.07355797332831887,0.7720318920345921,0.103632301322208,0.10138531436254879,0.7399740103161457
73,2.4328346994535517,126.0603672144779,136.07590703902594,0.6521139442920685,0.11331913134885621,0.6792311146773216,0.6521139442920685,0.664936751127243,0.664936751127243,0.7198192924261093,0.3798089176416397,0.4972319006919861,0.6674996316432953,0.3798089176416397,0.07690843478148265,0.7706129013588934,0.12199764879137746,0.09451313811074123,0.7369346680511795
74,2.466161202185792,125.92707844675348,136.89234900508038,0.6517175137996674,0.11528232004389956,0.702688227364689,0.6517175137996674,0.6650710701942444,0.6650710701942444,0.7200829833745956,0.37900596857070923,0.49411623179912567,0.670816957950592,0.37900596857070923,0.08318441619506019,0.7694938411992608,0.1922392181331614,0.08796927776333047,0.75726664569969
75,2.4994877049180326,125.0838672053382,135.46252913050702,0.6581019163131714,0.09598627414897995,0.2903473462879447,0.6581019163131714,0.6681137681007385,0.6681137681007385,0.7202810496091843,0.37699468433856964,0.4911171495914459,0.6727547645568848,0.37699468433856964,0.08380515852406988,0.767488346068245,0.23874966475732604,0.08128224262210398,0.7665352727901878
76,2.532814207650273,126.2844921674715,131.2575228030221,0.6731393933296204,0.06627833191623801,3.4825156352072213,0.6731393933296204,0.672325074672699,0.6731393933296204,0.720575287938118,0.37588027119636536,0.49161650240421295,0.6751786172389984,0.37588027119636536,0.08534139720932214,0.7652930436712323,0.2442318132207026,0.07865058198713562,0.7748500560077191
77,2.5661407103825136,132.07402911524136,127.5667744148231,0.6839856505393982,0.026401540009479328,3.994194661511699,0.6839856505393982,0.6797695755958557,0.6839856505393982,0.7210146486759186,0.3755098581314087,0.49247634410858154,0.6774195432662964,0.3755098581314087,0.08190646387663059,0.7637060357427056,0.23684955473204447,0.07022270151724226,0.8047994726153986
78,2.599467213114754,131.84196603242867,125.38995692302484,0.6800698935985565,0.025573023697042285,4.290334765938866,0.6800698935985565,0.6768987774848938,0.6800698935985565,0.7218291014432907,0.3753756731748581,0.497685968875885,0.679375559091568,0.3753756731748581,0.0510382609240043,0.7625560380066886,0.20417847033724262,0.06243263755072632,0.7937089079479988
79,2.6327937158469945,132.49842898097006,129.9125730444973,0.6794206202030182,0.031095363180609306,4.054031216397192,0.6794206202030182,0.67847940325737,0.6794206202030182,0.722426638007164,0.37534141540527344,0.4979395121335983,0.6813840270042419,0.37534141540527344,0.04110368190181344,0.7618326729332859,0.12040861452215759,0.06133340320170186,0.7722249675842587
80,2.666120218579235,132.39484615003633,130.71594806296386,0.6797075867652893,0.02789994831466737,0.5494344713274586,0.6797075867652893,0.677003800868988,0.6797075867652893,0.7233541905879974,0.3744419515132904,0.4953479766845703,0.6825779676437378,0.3744419515132904,0.03730142339800364,0.7613636160438711,0.06006922155880444,0.05865652513811891,0.7535476895233987
81,2.6994467213114755,130.453709172214,124.2615194731987,0.6803549528121948,0.025924754807700588,4.256315441553426,0.6803549528121948,0.676649421453476,0.6803549528121948,0.7240281850099564,0.37221208214759827,0.4939742237329483,0.6836738288402557,0.37221208214759827,0.051578009828383536,0.7616371647878126,0.07928460140348415,0.0573466904194798,0.7485282091555674
82,2.732773224043716,129.7222978131618,132.6637177383737,0.6800680756568909,0.03104901858881066,2.1305802489087,0.6800680756568909,0.6762783527374268,0.6800680756568909,0.7245309501886368,0.37067200243473053,0.49304936826229095,0.6846535205841064,0.37067200243473053,0.029396441123307908,0.761278371129072,0.1307566598725567,0.0574571812921333,0.7599064302571102
83,2.7660997267759564,132.95032903487706,141.89676656223722,0.6725558042526245,0.02978564494979234,2.814933940401829,0.6725558042526245,0.6638328433036804,0.6725558042526245,0.7248268127441406,0.36924777925014496,0.4914943277835846,0.6856572031974792,0.36924777925014496,0.01074788559892565,0.761047867098541,0.12828540337687,0.05434668460219494,0.7770985600957113
84,2.799426229508197,143.17009442751063,149.8681486132054,0.662028968334198,0.04232676871305464,4.348047973338993,0.662028968334198,0.6445733904838562,0.662028968334198,0.7248660773038864,0.36841335892677307,0.49111780524253845,0.6875046789646149,0.36841335892677307,0.006304363524755317,0.7621278502047062,0.15780108685352195,0.05181644643778746,0.8427297395422267
85,2.8327527322404373,139.8302443697761,151.50403461160553,0.6614643931388855,0.03260687967338784,3.101759683193876,0.6614643931388855,0.6413515508174896,0.6614643931388855,0.724772185087204,0.36763474345207214,0.4905751794576645,0.6880940496921539,0.36763474345207214,0.008430914254260255,0.7641719601145296,0.19436983313694556,0.05193152020216059,0.8351456408842842
86,2.8660792349726774,151.23918222837682,172.4026904461303,0.6553767621517181,0.04414453098640588,1.705355246853543,0.6553767621517181,0.6365888118743896,0.6553767621517181,0.7240927368402481,0.3659067749977112,0.4890994280576706,0.6892209947109222,0.3659067749977112,0.014343991789348738,0.7703864276409149,0.1825552101295758,0.04573872189899164,0.8949842420854106
87,2.899405737704918,140.67113331352266,167.13603217636947,0.6484933495521545,0.04145680606026778,2.1939199888310554,0.6484933495521545,0.6329320669174194,0.6484933495521545,0.7216434478759766,0.3663179725408554,0.49255234003067017,0.6910190284252167,0.3663179725408554,0.007270092871266325,0.7746994468298826,0.13721838052211466,0.03980382703059085,0.8226718103428714
88,2.9327322404371583,146.05622896499722,163.99884826248623,0.6429240107536316,0.028586927666226756,2.054256801835294,0.6429240107536316,0.635033130645752,0.6429240107536316,0.7199769616127014,0.36653365194797516,0.4885779172182083,0.6916959285736084,0.36653365194797516,0.0036103311978618723,0.7762635806293199,0.15526184339212287,0.06979273110401982,0.8580020472676213
89,2.9660587431693988,137.31238440756294,166.33325300472413,0.6460143029689789,0.026386809165859136,0.14287597083767878,0.6460143029689789,0.635463535785675,0.6460143029689789,0.7180552333593369,0.3674343675374985,0.4921954870223999,0.6922122836112976,0.3674343675374985,0.013101090911510068,0.7765904041853818,0.12698532185232442,0.06907963511160235,0.8009421765977136
90,2.9993852459016392,144.1587202572139,158.98374676160856,0.6494837999343872,0.021825111202672595,3.9846016824672574,0.6494837999343872,0.6348130404949188,0.6494837999343872,0.71657894551754,0.3731883466243744,0.5121924877166748,0.6938173472881317,0.3731883466243744,0.017009168539704286,0.7733084347211954,0.11355377736698566,0.06173390803122421,0.8349479124168395
91,3.0327117486338797,150.9115162162422,166.82223339799546,0.6492059826850891,0.037597182619953685,1.7930590390256214,0.6492059826850891,0.6340086460113525,0.6492059826850891,0.7165005654096603,0.37448011338710785,0.498779296875,0.695270299911499,0.37448011338710785,0.06416561894685725,0.773236633701758,0.08609293588447148,0.0636234092365569,0.8642251930777982
92,3.06603825136612,145.32173148189798,163.98553959749032,0.6540539562702179,0.03832446810221506,1.91372978605051,0.6540539562702179,0.6345635950565338,0.6540539562702179,0.7166012972593307,0.3741483837366104,0.49686016142368317,0.6957945823669434,0.3741483837366104,0.0423328791311547,0.7745713564482603,0.07272685679586234,0.060569589772452956,0.8291610097159697
93,3.0993647540983607,145.01488333612565,160.41525933845585,0.6542633473873138,0.04353716298626324,0.1799148115703133,0.6542633473873138,0.6350544095039368,0.6542633473873138,0.7166693806648254,0.3743063509464264,0.4963380992412567,0.6968076229095459,0.3743063509464264,0.03518776623721675,0.7755048988443433,0.054994142676966354,0.038716943552938296,0.8221364835593434
94,3.132691256830601,147.57449239763082,160.1407076568785,0.6535035371780396,0.03516926777881136,0.7445665400859696,0.6535035371780396,0.6351770758628845,0.6535035371780396,0.7165975421667099,0.37411436438560486,0.4946024715900421,0.6973009407520294,0.37411436438560486,0.04929693352289971,0.7773614539341493,0.06707470655304623,0.033957505236957036,0.839980703063863
95,3.1660177595628416,149.62225298059178,156.37757632459878,0.6536657214164734,0.04093914471006584,0.8559684403556957,0.6536657214164734,0.6399658024311066,0.6536657214164734,0.716720312833786,0.37194351851940155,0.4871077388525009,0.6981535851955414,0.37194351851940155,0.06624616045304083,0.7827440071286578,0.0937218998682827,0.03802186614291475,0.8593513087415503
96,3.199344262295082,145.18657523222961,152.09599060454755,0.6571456789970398,0.03511608465416764,0.10617809597883365,0.6571456789970398,0.6455478668212891,0.6571456789970398,0.7168291360139847,0.3708304166793823,0.48556041717529297,0.6984468102455139,0.3708304166793823,0.08171466231443893,0.7846882072362033,0.12190755927336491,0.038130660496814926,0.8431643524055074
97,3.2326707650273225,136.05466244774675,154.0511866285036,0.6664456725120544,0.07373560238598763,1.5218722477510482,0.6664456725120544,0.6452220380306244,0.6664456725120544,0.7168999016284943,0.36965733766555786,0.4848906099796295,0.6990016400814056,0.36965733766555786,0.09089518078902699,0.7862364762660229,0.12769063373296757,0.03985861023195493,0.7941664259407055
98,3.265997267759563,131.70992027687325,155.60675386252615,0.6721722185611725,0.06583931850787372,0.6555531248195337,0.6721722185611725,0.6481815278530121,0.6721722185611725,0.7169498354196548,0.3686392456293106,0.48570433259010315,0.6992301046848297,0.3686392456293106,0.08484960901360533,0.7881483232433145,0.13295708991534197,0.026809861896978624,0.7716089062905651
99,3.299323770491803,125.5950735681272,159.61115969372509,0.6739677488803864,0.07058072260415578,2.1943619632075695,0.6739677488803864,0.6479583382606506,0.6739677488803864,0.7172833830118179,0.36800944805145264,0.486869141459465,0.6997509896755219,0.36800944805145264,0.07898504466557622,0.7904153344306079,0.11742459904033399,0.023067863312310793,0.732977788423918
100,3.3326502732240435,122.90304062462926,166.3288085814017,0.6757092475891113,0.06458548362141352,2.0831490176515786,0.6757092475891113,0.6492519080638885,0.6757092475891113,0.717302143573761,0.3681143820285797,0.4868985414505005,0.6998690366744995,0.3681143820285797,0.08186666682968725,0.7918300113894723,0.06917455523542373,0.019619323703426374,0.7035470367074562
101,3.365976775956284,108.69826884365264,169.32236145158302,0.6748387813568115,0.06343646030268005,3.777609184468247,0.6748387813568115,0.64885613322258,0.6748387813568115,0.7170373946428299,0.36858199536800385,0.48703011870384216,0.7001132369041443,0.36858199536800385,0.08342515678684988,0.7942899172053193,0.06540860437474894,0.023157990128193553,0.6235018526660504
102,3.3993032786885244,113.25036031895408,169.3203672956858,0.6737492382526398,0.05733589094070958,7.616478327113043,0.6737492382526398,0.6510744392871857,0.6737492382526398,0.716770201921463,0.36886557936668396,0.4871991127729416,0.7007783353328705,0.36886557936668396,0.08623440042510654,0.7935011991948793,0.06403271763780076,0.0296359665308403,0.648378483729974
103,3.432629781420765,124.06590591902741,170.586083047495,0.6788432002067566,0.06949276529854936,11.35775483550168,0.6788432002067566,0.65679070353508,0.6788432002067566,0.7150160670280457,0.3704683631658554,0.48753228783607483,0.7010913789272308,0.3704683631658554,0.08981604434109008,0.7914096794345162,0.07569033433895556,0.035636779526064734,0.7119621331851723
104,3.4659562841530054,133.0568421877004,169.64227053121502,0.6797083914279938,0.10338612251342826,16.312747954220043,0.6797083914279938,0.6551586091518402,0.6797083914279938,0.7133540958166122,0.37175506353378296,0.4875021129846573,0.7024849355220795,0.37175506353378296,0.0936951035111526,0.7876983307527773,0.18866548178083184,0.046347997894318295,0.7958043233548073
105,3.499282786885246,127.6691052351065,167.3805429328095,0.6760400533676147,0.09638069022589119,15.820531800447412,0.6760400533676147,0.6543724536895752,0.6760400533676147,0.7109829932451248,0.37284858524799347,0.486669659614563,0.7028655707836151,0.37284858524799347,0.09867698074896593,0.7818734135591623,0.20852675505737425,0.046683290759801314,0.7718308333789151
106,3.5326092896174863,127.57463672707021,164.8674345136548,0.6563184261322021,0.09006395511842488,13.19950622307178,0.6563184261322021,0.653880387544632,0.6563184261322021,0.7090786248445511,0.37509363889694214,0.48496921360492706,0.7034194767475128,0.37509363889694214,0.10113258638061584,0.778449427449342,0.19062919644180482,0.04655237556654959,0.7659367407495983
107,3.565935792349727,117.0947809983663,160.7578335983502,0.651796966791153,0.09923181747344921,13.044494142660596,0.651796966791153,0.6517124474048615,0.651796966791153,0.7081567794084549,0.3752298355102539,0.48365990817546844,0.7041863799095154,0.3752298355102539,0.0948501611852163,0.7766918847055146,0.2061435979179427,0.037918489392886535,0.7123696404774178
108,3.5992622950819673,112.13310161865977,154.63623625731822,0.6499500870704651,0.10572611775464831,23.820464928724533,0.6499500870704651,0.6483659148216248,0.6499500870704651,0.7071194052696228,0.3764575868844986,0.48233117163181305,0.7052298188209534,0.3764575868844986,0.08975296679317682,0.776199413294142,0.18730668204335488,0.03437062320965544,0.6791536802722273
109,3.6325887978142077,108.16397614291824,154.17811997016537,0.6457323431968689,0.10317880480530457,27.53992611956167,0.6457323431968689,0.6452350914478302,0.6457323431968689,0.7059780359268188,0.3768375366926193,0.4817272126674652,0.7054856419563293,0.3768375366926193,0.08775253279581854,0.775900828341643,0.07357280413920599,0.023044507678888364,0.6229828198135298
110,3.665915300546448,108.3023974091234,154.42016871125864,0.6462743878364563,0.10293422351356195,36.61138628091021,0.6462743878364563,0.6442680954933167,0.6462743878364563,0.705962061882019,0.37627777457237244,0.48211272060871124,0.7055739462375641,0.37627777457237244,0.08674997260672644,0.7756513528751604,0.05078067080838461,0.021310687610342376,0.6169141868487565
111,3.6992418032786887,103.08081726265188,153.92497880792925,0.645603746175766,0.10641926248300351,42.61441662734546,0.645603746175766,0.6435738801956177,0.645603746175766,0.7059069722890854,0.37611739337444305,0.4826137274503708,0.705180287361145,0.37611739337444305,0.08626015536748509,0.7759119254170042,0.04819602595097707,0.016706263045615125,0.5871300148000257
112,3.7325683060109287,105.342647606437,155.25824370888512,0.6462584137916565,0.10836968034148359,45.77243250167601,0.6462584137916565,0.6435835361480713,0.6462584137916565,0.7055886387825012,0.3758993595838547,0.4832012206315994,0.7047414779663086,0.3758993595838547,0.0830863049625441,0.7761680129351038,0.033286687903499486,0.020432871246357957,0.5952229375179221
113,3.765894808743169,109.92333949048503,156.0148533965405,0.6447935104370117,0.11299564828422033,65.41974606450236,0.6447935104370117,0.6437259912490845,0.6447935104370117,0.7056015282869339,0.3759154826402664,0.48346398770809174,0.703897625207901,0.3759154826402664,0.08384282362840942,0.7771651478427829,0.03576627515063475,0.019819425858875528,0.621415101936774
114,3.7992213114754096,107.46874333607357,157.95266981255702,0.6464172303676605,0.11630531727040616,79.79781610986248,0.6464172303676605,0.6438097357749939,0.6464172303676605,0.7058152556419373,0.37503840029239655,0.4839751869440079,0.7032691240310669,0.37503840029239655,0.08482833773918907,0.7796451666138389,0.03560884934761229,0.019641149826443924,0.6077312288935813
115,3.83254781420765,108.94764866825905,161.61429168523142,0.6455433666706085,0.12107876441450838,92.3619505188031,0.6455433666706085,0.6441369950771332,0.6455433666706085,0.7062155604362488,0.3748077303171158,0.48477859795093536,0.7036722600460052,0.3748077303171158,0.10879375781426426,0.7824625246452562,0.03490394344791815,0.020163232307825574,0.6157358978580368
116,3.8658743169398906,107.19269677803184,164.05698720156923,0.6461926996707916,0.11660991780333699,132.1513877602826,0.6461926996707916,0.6443534195423126,0.6461926996707916,0.7078428715467453,0.37469226121902466,0.4866509735584259,0.7032941281795502,0.37469226121902466,0.09646831186929053,0.7841054300467173,0.039744165369090055,0.021293545035652582,0.6074382317109039
117,3.899200819672131,108.05326721398428,165.123696738225,0.6455451548099518,0.1219036379763718,158.28529167367498,0.6455451548099518,0.6448654532432556,0.6455451548099518,0.7086453139781952,0.3741423189640045,0.4879235029220581,0.7034687101840973,0.3741423189640045,0.09916086603124111,0.7857920839027925,0.034358596443550715,0.02241911831912098,0.6106035078996446
118,3.9325273224043715,113.28681153451873,168.35062353368733,0.6430724263191223,0.11871824884862138,152.59064189174285,0.6430724263191223,0.6457527279853821,0.6457527279853821,0.7097965478897095,0.3731704205274582,0.48857881128787994,0.703120619058609,0.3731704205274582,0.09454185067346962,0.7872682299577829,0.031756407638372605,0.02757385842523937,0.6388980974832825
119,3.965853825136612,110.25491930547304,169.0151804020778,0.6439046859741211,0.12627151592950506,103.71144496437375,0.6439046859741211,0.6458950936794281,0.6458950936794281,0.7105913311243057,0.3719114363193512,0.4897941052913666,0.7029821276664734,0.3719114363193512,0.09512312783024492,0.7891212685993223,0.03025860207791928,0.027697470771063954,0.621604910098226
120,3.9991803278688525,110.2107068085181,169.44275902062,0.6443946957588196,0.12593030708448527,84.72280030072102,0.6443946957588196,0.6461166739463806,0.6461166739463806,0.7113905400037766,0.3706030249595642,0.4902166277170181,0.7031808197498322,0.3706030249595642,0.10579034897317664,0.790822475697055,0.028997495954725876,0.02682879535754382,0.620980953278185
121,4.0325068306010925,110.32447711496633,169.32451491880488,0.6446831822395325,0.12524835848266172,62.371620848961584,0.6446831822395325,0.646160215139389,0.646160215139389,0.711455911397934,0.37053652107715607,0.4905203580856323,0.7035914361476898,0.37053652107715607,0.10727082110663054,0.7921297468922355,0.025124811043798986,0.028952975240743244,0.6204512050629526
122,4.065833333333333,113.65380288081904,169.45237317999258,0.6444931030273438,0.12598258122210892,84.36751627826271,0.6444931030273438,0.6462516784667969,0.6462516784667969,0.7113504409790039,0.3706408143043518,0.49046310782432556,0.7040109038352966,0.3706408143043518,0.10264617338594835,0.7927869847326567,0.03070299651144463,0.03130718342996808,0.6406209149579837
123,4.099159836065573,112.07076617427414,168.63395086870767,0.645722359418869,0.12193748525794401,173.32722863769965,0.645722359418869,0.6461740434169769,0.6461740434169769,0.7110114693641663,0.3707023710012436,0.4905828982591629,0.7053958475589752,0.3707023710012436,0.0939897033698946,0.7910372960296544,0.03168418835567544,0.02887673980940383,0.632120624141559
124,4.132486338797814,111.3169515810228,168.14822581801343,0.6463488340377808,0.12208450051722902,53.05880315073779,0.6463488340377808,0.6448150277137756,0.6463488340377808,0.7086997330188751,0.3706968277692795,0.49141375720500946,0.7070547044277191,0.3706968277692795,0.08791786976422858,0.7885436291495959,0.04898384818059118,0.033851765086425074,0.6331226632376374
125,4.165812841530054,110.87155152286718,169.3536261393504,0.6459192931652069,0.11996298871318307,50.58726902418641,0.6459192931652069,0.6426051557064056,0.6459192931652069,0.7061571180820465,0.36995603144168854,0.49237214028835297,0.7075975835323334,0.36995603144168854,0.08383753202283319,0.7868470712141558,0.08875665425410813,0.0393958549590944,0.6425800602921612
126,4.199139344262295,109.15188198196125,168.14286161295584,0.6426265835762024,0.11894083906760798,31.591495871359797,0.6426265835762024,0.6380725800991058,0.6426265835762024,0.701752319931984,0.3709239959716797,0.49317149817943573,0.7083805203437805,0.3709239959716797,0.08481551766584021,0.7855082910620805,0.0859583350297206,0.03794674685217641,0.6321868448531454
127,4.232465846994535,113.4196749064067,167.9424925433539,0.6355403661727905,0.11516877817258432,37.73758717187971,0.6355403661727905,0.6332324147224426,0.6355403661727905,0.6981966644525528,0.3722708821296692,0.4932372123003006,0.7082230150699615,0.3722708821296692,0.08193518736110271,0.7834516953338276,0.0930602974952741,0.04102075218921131,0.658027394284175
128,4.265792349726776,107.56881073941061,167.15680189672233,0.6341636180877686,0.10851753643391171,57.89062439508905,0.6341636180877686,0.6270983219146729,0.6341636180877686,0.6944563835859299,0.3734051138162613,0.49298202991485596,0.7083785235881805,0.3734051138162613,0.07905735654792871,0.7799926142800938,0.11859290211761898,0.044439463089414655,0.6331823747431224
129,4.299118852459016,107.64293341754657,166.75823820317106,0.6313879191875458,0.09485178324556198,55.77712801532408,0.6313879191875458,0.6207757592201233,0.6313879191875458,0.6912841647863388,0.37532253563404083,0.49313683807849884,0.7093969285488129,0.37532253563404083,0.08152961373733641,0.7760310644904772,0.1135140590669561,0.04922706191099125,0.6320705144842345
130,4.332445355191257,108.38171513732588,164.79157541506714,0.6264663338661194,0.09990703507292067,38.381384804320874,0.6264663338661194,0.6147571206092834,0.6264663338661194,0.6884853839874268,0.3767244517803192,0.49225369095802307,0.7098959684371948,0.3767244517803192,0.07820967650254348,0.7701984862938072,0.08933463212196589,0.06263773169722221,0.6289210292884003
131,4.365771857923497,112.8434217238532,161.54306925524443,0.6239321827888489,0.11002372823957852,51.563875629592644,0.6239321827888489,0.6162031888961792,0.6239321827888489,0.6873061060905457,0.3787621408700943,0.4940047115087509,0.710039496421814,0.3787621408700943,0.08614595559229407,0.7733302978855191,0.19295752773056682,0.07543242209654961,0.6847951567850211
132,4.399098360655738,109.86190614768842,154.380071136639,0.6269901096820831,0.10883095723242976,51.743726901085466,0.6269901096820831,0.6197423338890076,0.6269901096820831,0.6857104301452637,0.3823520392179489,0.49060845375061035,0.709962785243988,0.3823520392179489,0.09368542759466482,0.7762134664437987,0.2650447871584355,0.09960319347550019,0.6898573591902442
133,4.432424863387978,90.58193059823698,148.26131113451672,0.6456380784511566,0.08484823650740163,52.23365052986128,0.6456380784511566,0.6355392038822174,0.6456380784511566,0.6844333857297897,0.38560330867767334,0.49090640246868134,0.7095541059970856,0.38560330867767334,0.08845179348415748,0.7789565015471343,0.32429724657316494,0.10320438053364024,0.6005221217399327
134,4.465751366120219,78.45518672978365,138.4566908182999,0.6606066226959229,0.09337954790129004,63.77038394783517,0.6606066226959229,0.6570271253585815,0.6606066226959229,0.6831651479005814,0.3918016403913498,0.4927044063806534,0.7094836831092834,0.3918016403913498,0.08742961383667633,0.7818992523984476,0.43639390738131995,0.13252728524850388,0.555862148498798
135,4.499077868852459,63.712113177272585,135.5517984439911,0.6753014326095581,0.11085453156848994,53.66835429131828,0.6753014326095581,0.6758050322532654,0.6758050322532654,0.6841973662376404,0.39261361956596375,0.4907771050930023,0.7075598537921906,0.39261361956596375,0.08519626225253965,0.7851531306902567,0.4671458430038966,0.1286467216290455,0.47395618431818104
136,4.5324043715846996,66.80673832063422,131.31348708957086,0.6963873207569122,0.09534521376729027,85.8343384895449,0.6963873207569122,0.7021355330944061,0.7021355330944061,0.682284340262413,0.3991294652223587,0.48954910039901733,0.7052033245563507,0.3991294652223587,0.08356363188720138,0.7864098720478289,0.48562136072773215,0.12157401561830997,0.550702124721725
137,4.56573087431694,109.04453379637172,133.95259349015947,0.7040435671806335,0.13753465265580492,49.55046871256002,0.7040435671806335,0.7092410922050476,0.7092410922050476,0.6836353540420532,0.39856232702732086,0.4879818558692932,0.7023143768310547,0.39856232702732086,0.07877664927749209,0.7852792310895342,0.41727065027398824,0.10691936976405615,0.8026201800243816
138,4.5990573770491805,122.17431319489359,131.28245079614524,0.7256789803504944,0.11157035171170536,29.628233850918832,0.7256789803504944,0.7333022952079773,0.7333022952079773,0.6842876374721527,0.3980576694011688,0.48816753923892975,0.7002776563167572,0.3980576694011688,0.07747454702964446,0.7829569605263796,0.47854757880683124,0.11088117242816414,0.9457901576235492
139,4.632383879781421,151.04137691651104,137.03256461434762,0.7246375679969788,0.14967162109895255,79.57375741419747,0.7246375679969788,0.7308738231658936,0.7308738231658936,0.688191220164299,0.3965127021074295,0.4887907952070236,0.6968532502651215,0.3965127021074295,0.0781784890239472,0.783611432169423,0.41137416330198306,0.13113340073473567,1.0871665696520671
140,4.665710382513661,132.3760582893753,141.33363263049375,0.7495659291744232,0.12445947509568113,159.03121577995523,0.7495659291744232,0.7494808733463287,0.7495659291744232,0.6950520128011703,0.39495426416397095,0.48986735939979553,0.6945894956588745,0.39495426416397095,0.08075865104480835,0.7851962451681946,0.3793035374630248,0.19235373723512902,1.012755356410751
141,4.699036885245902,124.74568545852071,148.83556305705198,0.7590327262878418,0.12137553394387997,139.94071924197266,0.7590327262878418,0.7617507874965668,0.7617507874965668,0.7074049115180969,0.38519181311130524,0.4899217486381531,0.6912943422794342,0.38519181311130524,0.08196369639470359,0.7886878635847208,0.32576810593343786,0.2470239761227468,0.9537996455961115
142,4.732363387978142,140.1346947899128,154.1349840992316,0.7604747712612152,0.14600995653366614,11.535889865354818,0.7604747712612152,0.7673348486423492,0.7673348486423492,0.7182792723178864,0.3722759336233139,0.4883193224668503,0.6888486742973328,0.3722759336233139,0.08008694265584959,0.7913768539826075,0.32032421583395293,0.29647329263424865,1.021790075889757
143,4.765689890710383,129.07797463302862,160.70448512645396,0.7730074822902679,0.13872478365350502,12.344727238299555,0.7730074822902679,0.7772512882947922,0.7772512882947922,0.7299871146678925,0.36138616502285004,0.4850718080997467,0.6861962080001831,0.36138616502285004,0.07765101614121615,0.7929594923149456,0.3146821934946712,0.30989046928207126,0.9532970380014817
144,4.799016393442622,129.38729561208828,166.64406209957878,0.7747231721878052,0.13758518829690025,30.697277975382633,0.7747231721878052,0.7768787890672684,0.7768787890672684,0.7384904772043228,0.349565714597702,0.4761120080947876,0.6841476261615753,0.349565714597702,0.07314736966241756,0.7935946642449407,0.31739362164246104,0.2998147900374694,0.929201331037621
145,4.832342896174863,107.60105233056483,162.05753350567042,0.7988092452287674,0.14371114569393087,41.06696818684293,0.7988092452287674,0.8038413226604462,0.8038413226604462,0.7468027174472809,0.3446045070886612,0.46933431923389435,0.684624433517456,0.3446045070886612,0.08925645112633177,0.7986703740827965,0.39403358539824773,0.26535536784623837,0.8871095153176636
146,4.865669398907103,101.74534004834851,165.9174316465727,0.8091829866170883,0.13158223655434192,44.85244125332076,0.8091829866170883,0.8203323483467102,0.8203323483467102,0.756854236125946,0.33610400557518005,0.46497565507888794,0.6831664443016052,0.33610400557518005,0.10778563601146815,0.8049904509927287,0.3425402447342734,0.22082864334519248,0.8584482992400662
147,4.898995901639344,108.09691047053104,163.79140447352603,0.8247847855091095,0.15056281751739273,54.85788095140879,0.8247847855091095,0.8377290666103363,0.8377290666103363,0.7644260451197624,0.3287176936864853,0.4603525400161743,0.6836681067943573,0.3287176936864853,0.10415270053534038,0.8121233582496643,0.3659155462985032,0.1681095735693164,0.9302221198642228
148,4.932322404371584,116.10026506383073,167.04070207179063,0.8288490772247314,0.15474695999801463,71.65316809725937,0.8288490772247314,0.8346338421106339,0.8346338421106339,0.7694372162222862,0.3251149356365204,0.45647507905960083,0.6848399639129639,0.3251149356365204,0.0943465396671652,0.8191110053748796,0.3333807649096756,0.15153641065170123,0.940605579714783
149,4.965648907103825,109.65370662948932,166.34037550159124,0.8223305642604828,0.1594293855172323,112.52994189200808,0.8223305642604828,0.8376014232635498,0.8376014232635498,0.7709770202636719,0.3220037817955017,0.45255450904369354,0.6856382787227631,0.3220037817955017,0.09495732006269587,0.823607758139119,0.3064423480932541,0.10577371121368606,0.9009931724803284
150,4.998975409836065,119.36787673227086,166.794555885322,0.8036693036556244,0.23061924627850508,132.5236205389532,0.8036693036556244,0.8363934755325317,0.8363934755325317,0.7724544703960419,0.3198511302471161,0.447660893201828,0.6861908435821533,0.3198511302471161,0.10246605258829579,0.8253165637001847,0.5982393225025153,0.06780880408176124,0.9749718861443077
151,5.032301912568306,104.78954600049006,166.63893868490314,0.7976824343204498,0.21598010919510535,133.3103919796992,0.7976824343204498,0.8365308940410614,0.8365308940410614,0.7716506719589233,0.320850133895874,0.44836607575416565,0.6861787140369415,0.320850133895874,0.1140374456551111,0.8271890458735552,0.6993616931339997,0.061338481786522174,0.8968048106935812
152,5.065628415300546,167.81822084389322,166.26725937341416,0.7334506213665009,0.31626861713649257,172.35303883015627,0.7334506213665009,0.8330684006214142,0.8330684006214142,0.7711025252938271,0.32187141478061676,0.4508434683084488,0.6858363449573517,0.32187141478061676,0.10297723002985079,0.8274633184526906,0.6829990336530479,0.05760649701094536,1.2382210751155016
153,5.098954918032787,175.60946476199075,163.77939523230296,0.7123774290084839,0.33141692760565505,72.37114286729215,0.7123774290084839,0.8281576484441757,0.8281576484441757,0.7676659226417542,0.3245272636413574,0.4528355002403259,0.6852953732013702,0.3245272636413574,0.0912493538260644,0.8280560970306396,0.6183001164349992,0.07274995336197475,1.27708331497388
154,5.132281420765027,163.21948175355985,163.26225725270191,0.7162080407142639,0.2916539835076657,79.73446158366869,0.7162080407142639,0.8233342468738556,0.8233342468738556,0.765340231359005,0.3271024078130722,0.4558071196079254,0.6850176751613617,0.3271024078130722,0.1102078815908857,0.8308671667720332,0.8037148010133162,0.13057628763551465,1.2007569451754398
155,5.165607923497268,160.125194203774,160.5065919321192,0.7240583300590515,0.2745974459223296,19.2175442085707,0.7240583300590515,0.8195088505744934,0.8195088505744934,0.7566351443529129,0.3317844569683075,0.4670805484056473,0.6842422187328339,0.3317844569683075,0.08413260649650217,0.8341964993512991,0.5097783814677747,0.20858808491950329,1.1982055309079302
156,5.198934426229508,156.6441575845507,163.5787236790548,0.6871753334999084,0.27290801858955127,19.210002560019376,0.6871753334999084,0.8036842197179794,0.8036842197179794,0.7437137514352798,0.3424192816019058,0.4797741174697876,0.6842408776283264,0.3424192816019058,0.09907216529197381,0.8389883122660897,0.4970140345007188,0.26440039595457343,1.1701567247622693
157,5.2322609289617485,156.80991671121288,165.8087461756259,0.6719223856925964,0.27050982742741275,29.907546658314544,0.6719223856925964,0.7886599600315094,0.7886599600315094,0.7321310788393021,0.35649527609348297,0.4901893138885498,0.684128612279892,0.35649527609348297,0.08844059525919035,0.8401828083125028,0.4817356187261966,0.28352460307804866,1.1607528475278048
158,5.265587431693989,169.69451205317694,160.83453712376007,0.6908745169639587,0.27380367308527065,33.629648654984265,0.6908745169639587,0.7716810703277588,0.7716810703277588,0.7213030606508255,0.3685041517019272,0.49273352324962616,0.6839292645454407,0.3685041517019272,0.09598933673972457,0.8423645541523442,0.5942760229800227,0.26643794158860734,1.2138813182151162
159,5.2989139344262295,168.383920387823,155.26328516506032,0.6895906627178192,0.29725331017449236,1.3717237436073901,0.6895906627178192,0.7560457438230515,0.7560457438230515,0.7134919911623001,0.3742785006761551,0.493198499083519,0.6837613880634308,0.3742785006761551,0.09318251641875651,0.8440119077761968,0.5287538112164765,0.22478082915513714,1.1831274823590485
160,5.33224043715847,162.13382609159154,152.38801112044794,0.6629494726657867,0.2850591239765558,14.146017385023868,0.6629494726657867,0.7391005158424377,0.7391005158424377,0.7095158845186234,0.3761743754148483,0.49084675312042236,0.6838637888431549,0.3761743754148483,0.09380987478268585,0.8447110111063177,0.6195804762317341,0.14994838468773544,1.1094973722580628
161,5.36556693989071,147.4146959797287,147.06697000515823,0.6369858086109161,0.23152097712867192,22.832905262190934,0.6369858086109161,0.7204042077064514,0.7204042077064514,0.7044965326786041,0.3798593133687973,0.4895809143781662,0.6836139857769012,0.3798593133687973,0.10004072232040642,0.848908577001456,0.5360091482917909,0.08957590854840733,0.9866935583042569
162,5.398893442622951,131.8792466161294,150.5656667891242,0.6673731803894043,0.22758838475077742,32.36772462820878,0.6673731803894043,0.70001021027565,0.70001021027565,0.7054961174726486,0.38145361840724945,0.48844507336616516,0.6834129989147186,0.38145361840724945,0.08756885671942255,0.843205445192077,0.530402426197918,0.058672377701338194,0.8526624812007189
163,5.432219945355191,88.99075643300213,150.09592131987105,0.6623533666133881,0.11513231802814214,18.357594162844123,0.6623533666133881,0.6851045191287994,0.6851045191287994,0.705293744802475,0.3795229494571686,0.4878743141889572,0.6831354796886444,0.3795229494571686,0.08694483573861818,0.8394651647770044,0.5001760931156961,0.05674461465851749,0.6143930912944563
164,5.465546448087432,99.00095694264532,151.1159638887225,0.6620483100414276,0.11357113961626512,22.073201427967234,0.6620483100414276,0.6668885946273804,0.6668885946273804,0.7059841156005859,0.3789258450269699,0.4878350496292114,0.6833276152610779,0.3789258450269699,0.08811041990778712,0.834587603355899,0.4027815248009536,0.035907654764137334,0.6700053163480295
165,5.498872950819672,124.73669274497756,152.60923922193496,0.6404436230659485,0.1084355116817569,7.568974695849761,0.6404436230659485,0.645392656326294,0.645392656326294,0.7079271823167801,0.37734857201576233,0.4878854304552078,0.6833484172821045,0.37734857201576233,0.09172262746752038,0.8316282788009355,0.24542459810349143,0.030397067076630015,0.766609005792034
166,5.532199453551913,132.37139154935574,156.16946126627238,0.6307090520858765,0.12301046665600983,10.49926664200592,0.6307090520858765,0.6275099217891693,0.6307090520858765,0.7073073834180832,0.3775089979171753,0.48953574895858765,0.6831960082054138,0.3775089979171753,0.09172554904297897,0.8246777278907371,0.2318926708340896,0.02448256131927624,0.8049644209688699
167,5.565525956284153,132.4578166723601,159.56486897999832,0.6265434622764587,0.12327540484066157,18.098073796983726,0.6265434622764587,0.6224144101142883,0.6265434622764587,0.7083931416273117,0.37683047354221344,0.49000319838523865,0.6830781698226929,0.37683047354221344,0.09289209377519848,0.818990353381995,0.27380016959175296,0.02369876964131459,0.8180168101684153
168,5.598852459016394,133.9472014643588,160.484363696687,0.6291675269603729,0.12253090285994403,30.318379683787867,0.6291675269603729,0.6240431368350983,0.6291675269603729,0.7093603312969208,0.376470685005188,0.49025946855545044,0.682182788848877,0.376470685005188,0.09172289070773854,0.8147901526906274,0.175741349370567,0.01491457425681969,0.7968735240576079
169,5.632178961748634,131.35999822573424,163.14734310076997,0.6364953517913818,0.12520113357217239,58.77999454684115,0.6364953517913818,0.6315719485282898,0.6364953517913818,0.7101254910230637,0.3763517588376999,0.49033796787261963,0.681700587272644,0.3763517588376999,0.09100348311089615,0.8137148388407447,0.1872895538101461,0.014702177208509172,0.7859646340637896
170,5.665505464480875,135.38743003341085,166.3452357838376,0.6417602598667145,0.12269222807537275,53.14900165570435,0.6417602598667145,0.6407195329666138,0.6417602598667145,0.711113452911377,0.376465380191803,0.49024808406829834,0.6816970109939575,0.376465380191803,0.08534668052049896,0.8128944107077338,0.22637410905668312,0.014752368026596236,0.8200646217915097
171,5.698831967213114,134.2072323226215,168.85093767521914,0.653419017791748,0.12469878800925914,44.55076681674478,0.653419017791748,0.6502462923526764,0.653419017791748,0.7133417576551437,0.37640252709388733,0.49166566133499146,0.6818719506263733,0.37640252709388733,0.09390570593082544,0.811748796340191,0.25646549884454806,0.013660337171427063,0.8225353847790394
172,5.732158469945355,145.87203273831548,171.32862038607524,0.6640819907188416,0.19594260484485038,74.6835432304137,0.6640819907188416,0.6520877480506897,0.6640819907188416,0.7147206664085388,0.3767520487308502,0.49213266372680664,0.6824750304222107,0.3767520487308502,0.11661664380009672,0.8120948180104747,0.2260473516262471,0.014406715732853136,0.8782143873674045
173,5.765484972677595,139.8805516665051,173.27456223050336,0.6718387603759766,0.176339929071071,84.08126224840373,0.6718387603759766,0.660612940788269,0.6718387603759766,0.7149265855550766,0.3771340548992157,0.4926266372203827,0.6831585168838501,0.3771340548992157,0.10864539677842822,0.8124084603605848,0.20394445052263108,0.019682684423511225,0.8382975110818177
174,5.798811475409836,162.31241367605907,175.31922356628343,0.6740274131298065,0.2383947902048294,88.16330579939199,0.6740274131298065,0.6688374280929565,0.6740274131298065,0.7155811339616776,0.37714625895023346,0.4924525320529938,0.6837794184684753,0.37714625895023346,0.12114673219209543,0.8126350336454131,0.14116640426891755,0.026972074634991388,0.9440855528143367
175,5.832137978142076,143.43385287818566,175.74592700453903,0.6755340397357941,0.19062055710107664,88.45403111993869,0.6755340397357941,0.6740462183952332,0.6755340397357941,0.7173512876033783,0.376278281211853,0.4924537390470505,0.6842614114284515,0.376278281211853,0.11032219395693524,0.8116087112011332,0.09309625130441039,0.04464055504067155,0.8247836136034657
176,5.865464480874317,154.66870742610237,175.79994038202304,0.6762053072452545,0.2138300627392735,68.3990215724262,0.6762053072452545,0.6751390099525452,0.6762053072452545,0.7196081429719925,0.3752913624048233,0.4925978481769562,0.6852551400661469,0.3752913624048233,0.12178829701636192,0.8109737417914651,0.05701971828450834,0.05260805341163723,0.8763765122970323
177,5.898790983606557,150.19014635777958,172.94239093190774,0.6747162342071533,0.16299534102083554,35.43898209565896,0.6747162342071533,0.6742305159568787,0.6747162342071533,0.7207559794187546,0.37240226566791534,0.49184684455394745,0.6874713003635406,0.37240226566791534,0.11848905691377691,0.8090434695283572,0.05837469243709113,0.06376145521026935,0.8519021097187918
178,5.9321174863387975,153.1299964477158,173.81446386549555,0.6731575131416321,0.1692071132398205,40.13048665531545,0.6731575131416321,0.6739358603954315,0.6739358603954315,0.7232400923967361,0.37047024071216583,0.4909428507089615,0.688321053981781,0.37047024071216583,0.1218014021900377,0.8059840929327589,0.11814136451555692,0.06525475343138935,0.886164611841977
179,5.965443989071038,144.97217829878846,170.1266047611656,0.6714601516723633,0.07810887932341291,27.740222506053158,0.6714601516723633,0.6681933403015137,0.6714601516723633,0.7249036580324173,0.36880436539649963,0.4890679121017456,0.6901576220989227,0.36880436539649963,0.09791857197443907,0.7988943658543356,0.14507861612403197,0.059131884897142085,0.8489245753860344
180,5.9987704918032785,151.70287618661763,169.01689546228985,0.6599636077880859,0.0969837970082713,16.978951004066516,0.6599636077880859,0.6506503820419312,0.6599636077880859,0.7255925685167313,0.3680836409330368,0.4891212284564972,0.6911686956882477,0.3680836409330368,0.09469975456079126,0.7954983135515993,0.19448685881131636,0.043720983743564985,0.9011398142357151
181,6.032096994535519,161.75419322791043,169.29478384947842,0.6542770266532898,0.1051121522211514,15.386009568059904,0.6542770266532898,0.6445708274841309,0.6542770266532898,0.7247524261474609,0.3684447705745697,0.48924921452999115,0.6912878155708313,0.3684447705745697,0.10458012946769314,0.7902070785110648,0.21511321753217827,0.04192034651917849,0.9631683720813782
182,6.065423497267759,144.4560616120833,167.2975650207792,0.6434245705604553,0.10918344735730239,8.73481685645811,0.6434245705604553,0.6361386775970459,0.6434245705604553,0.7244919538497925,0.3682154566049576,0.49041152000427246,0.6923362612724304,0.3682154566049576,0.1012681043418935,0.7947085165616238,0.22329582674251602,0.04590447333797756,0.8695224236454397
183,6.09875,146.1684182770596,165.60671926771693,0.6483143270015717,0.1311222586288384,3.753096601549373,0.6483143270015717,0.6378526091575623,0.6483143270015717,0.7242140173912048,0.3680752217769623,0.49085772037506104,0.6941414177417755,0.3680752217769623,0.1050402093084741,0.7977780094652465,0.17326632042307744,0.04445183058449815,0.86402666433281
184,6.13207650273224,136.0047393110873,167.505121185145,0.645356297492981,0.13615728276799058,0.7298443381287996,0.645356297492981,0.629340261220932,0.645356297492981,0.7237349599599838,0.3699983209371567,0.49181123077869415,0.6966279447078705,0.3699983209371567,0.11510336951798616,0.8038903962482106,0.14813115667639215,0.050449218263725656,0.8000212320645137
185,6.165403005464481,143.85124806193997,168.08887340377225,0.6484288275241852,0.15568735266913175,4.160952795408832,0.6484288275241852,0.6343312561511993,0.6484288275241852,0.7236107736825943,0.37041258811950684,0.4931927025318146,0.6975376605987549,0.37041258811950684,0.12547303306579807,0.8089163967154243,0.09059126677511259,0.05171297368904352,0.8263509803766447
186,6.198729508196721,149.3008340502976,167.4055876870221,0.6469948589801788,0.15861284374835813,11.554608549680069,0.6469948589801788,0.6381025314331055,0.6469948589801788,0.7233978658914566,0.37172070145606995,0.49474330246448517,0.6979760825634003,0.37172070145606995,0.12881737712876629,0.8108053374471087,0.1219672346109169,0.04968723401352154,0.866039248440484
187,6.232056010928962,143.34982067223476,166.9567225094036,0.6474117338657379,0.15676734482528631,12.823229085727121,0.6474117338657379,0.6420705616474152,0.6474117338657379,0.7232758700847626,0.37202537059783936,0.4944772869348526,0.6992232203483582,0.37202537059783936,0.13674318127938026,0.8125133198319059,0.20050277905188335,0.03867273915746765,0.8565387263390913
188,6.265382513661202,131.49983410362535,156.4805051921369,0.6577520966529846,0.11228645798972621,11.672485336770848,0.6577520966529846,0.6552632451057434,0.6577520966529846,0.7234452664852142,0.3717299699783325,0.49507470428943634,0.7006663382053375,0.3717299699783325,0.12774687362677287,0.8137111167112986,0.2642906630227195,0.041065158974594666,0.8098418328158455
189,6.298709016393443,91.67242131420808,157.20546267470047,0.6746542453765869,0.08683558243003994,10.741489211807334,0.6746542453765869,0.6665598750114441,0.6746542453765869,0.7240311503410339,0.3714815229177475,0.4954115301370621,0.7019505798816681,0.3714815229177475,0.1127157374449764,0.8147201445518117,0.3174280991501728,0.04352079263422855,0.6045196592684301
190,6.332035519125683,70.68351247544288,153.88847281710602,0.6884172558784485,0.07483742781192605,11.980459043765762,0.6884172558784485,0.6692261099815369,0.6884172558784485,0.7240475118160248,0.37157921493053436,0.49540041387081146,0.7033454179763794,0.37157921493053436,0.11245026228073117,0.813322242688049,0.3384516369867649,0.038845368628652704,0.4942216715151566
191,6.365362021857924,94.23770614843704,154.16841651710934,0.6782103180885315,0.08099576517549255,6.0404519193534725,0.6782103180885315,0.6681075096130371,0.6782103180885315,0.7250022888183594,0.3711575120687485,0.49571317434310913,0.705083817243576,0.3711575120687485,0.12354939495962065,0.8129250407218933,0.30065213800137447,0.04059382368558391,0.6137384533361737
192,6.398688524590164,107.33860696022795,155.8153837470544,0.6830055713653564,0.10446481507884904,2.593405947583733,0.6830055713653564,0.6833431422710419,0.6833431422710419,0.7261537909507751,0.3709719479084015,0.49554455280303955,0.7055532038211823,0.3709719479084015,0.1334593611823347,0.8121066689491272,0.21299950169437176,0.040287574800472035,0.6602254447318001
193,6.432015027322405,101.78718052155786,160.0687471239312,0.6789665818214417,0.10153681102380402,1.7619542731158333,0.6789665818214417,0.6780652701854706,0.6789665818214417,0.7271774262189865,0.36946505308151245,0.49514324963092804,0.7064709961414337,0.36946505308151245,0.1338182831521186,0.8123534337589235,0.1421296359095226,0.040339414864297485,0.6081232270037338
194,6.465341530054645,99.3782336105516,159.56688043748937,0.676622062921524,0.08679718794881157,6.243441574303262,0.676622062921524,0.6799530386924744,0.6799530386924744,0.7279653549194336,0.3682090938091278,0.4940129369497299,0.706522673368454,0.3682090938091278,0.13105321849111962,0.8113630951353998,0.08272747491005482,0.03215146153253802,0.5769195403094143
195,6.4986680327868855,107.06595068631619,158.89239500441806,0.6785234808921814,0.10228881120398113,3.3308860893337453,0.6785234808921814,0.6789873242378235,0.6789873242378235,0.7298955768346786,0.36698557436466217,0.4939350187778473,0.7072171866893768,0.36698557436466217,0.13168717401271335,0.8097946269042564,0.06055494095341556,0.031554067778606955,0.6129773194322257
196,6.531994535519126,111.51419761909177,156.3032945791738,0.6780847609043121,0.10735856441002915,5.075274067874091,0.6780847609043121,0.6774804294109344,0.6780847609043121,0.7308622002601624,0.3665792942047119,0.4933549016714096,0.7073400020599365,0.3665792942047119,0.13766682750588838,0.8074942784327449,0.061908633156977304,0.022654079365764728,0.6380959100531586
197,6.565321038251366,110.38295474543126,158.47688896180074,0.6770232319831848,0.0844714665086086,6.355767080265053,0.6770232319831848,0.6760802268981934,0.6770232319831848,0.7307772040367126,0.3667488694190979,0.49314793944358826,0.7069720029830933,0.3667488694190979,0.11631563945230014,0.8043337227268652,0.06855466182612283,0.016107494798958562,0.633805036022455
198,6.598647540983606,119.60341096162391,158.89934587498774,0.6726647317409515,0.09993233127543805,6.959891976092308,0.6726647317409515,0.6747182607650757,0.6747182607650757,0.7305916249752045,0.3667697310447693,0.4913601279258728,0.7066914141178131,0.3667697310447693,0.11740063720261963,0.8047803468776472,0.09227528711449279,0.010305950328391319,0.6921459803655917
199,6.6319740437158465,135.23108310287435,161.45066765658888,0.6692154109477997,0.12500403076697017,6.942224557548201,0.6692154109477997,0.6682919859886169,0.6692154109477997,0.7303940057754517,0.36684346199035645,0.4911588728427887,0.7065425217151642,0.36684346199035645,0.11150409655212506,0.8060675046660684,0.10712463329666634,0.01130834911943206,0.7834211850049686
200,6.665300546448087,141.9654766477339,163.15755824226943,0.663254588842392,0.1648904042086135,4.837975463473811,0.663254588842392,0.6569322049617767,0.663254588842392,0.7303792089223862,0.36688393354415894,0.49182386696338654,0.7061042189598083,0.36688393354415894,0.10879744163767584,0.8073433615041502,0.12494539387070723,0.014663074811813795,0.8261807106486228
201,6.6986270491803275,143.73732733150055,166.0813478606296,0.6603842079639435,0.17317365684442096,2.662266935758197,0.6603842079639435,0.6510266661643982,0.6603842079639435,0.7301760166883469,0.3669487237930298,0.4925486445426941,0.7055163085460663,0.3669487237930298,0.11241806705634555,0.8068909852793722,0.11189232533803392,0.019594539860418272,0.8321084049986355
202,6.731953551912568,149.08452489462698,172.02957187774405,0.6564063429832458,0.19455843877367396,0.9540021767912208,0.6564063429832458,0.6405498385429382,0.6564063429832458,0.7298514395952225,0.3669640123844147,0.49251407384872437,0.7045522332191467,0.3669640123844147,0.10220777614291462,0.8086494329300794,0.10089717825409247,0.028911575816899942,0.8585165140019332
203,6.765280054644808,141.6822619003643,176.02651693036395,0.6544894576072693,0.20088828004738396,2.9154446793797604,0.6544894576072693,0.6314522325992584,0.6544894576072693,0.728685736656189,0.3672545701265335,0.49255117774009705,0.7034880816936493,0.3672545701265335,0.10685724637433136,0.8123471314708391,0.08651284902759539,0.05028123216818192,0.8130775319325246
204,6.798606557377049,145.40186415485766,175.95593025925285,0.6544918417930603,0.20060352567855494,2.9658179993706426,0.6544918417930603,0.6321365237236023,0.6544918417930603,0.727282702922821,0.367827445268631,0.49281376600265503,0.7018676996231079,0.367827445268631,0.11044907243499974,0.8152656178131248,0.08582301020498688,0.06539139172310063,0.8335350372551498
205,6.831933060109289,146.63061484253828,176.87681527517003,0.6527102887630463,0.192322884747812,2.9567463141731025,0.6527102887630463,0.6297844350337982,0.6527102887630463,0.7246825993061066,0.3703504949808121,0.4932931661605835,0.698762446641922,0.3703504949808121,0.11333907303645012,0.8149414191191847,0.07895215878111893,0.07668785075123068,0.8383001745373261
206,6.86525956284153,146.54680471871316,176.48710921722162,0.6524572372436523,0.18296560613658472,1.6832114354089356,0.6524572372436523,0.6327926516532898,0.6524572372436523,0.724464476108551,0.3716949373483658,0.4941629022359848,0.695958822965622,0.3716949373483658,0.1043705836181648,0.8136743318402406,0.08558376338186222,0.09113561590732026,0.8398240441185207
207,6.89858606557377,152.3726117144268,175.58320786159527,0.6534637212753296,0.18540537215665315,1.1950183679301176,0.6534637212753296,0.6336586475372314,0.6534637212753296,0.7237695157527924,0.3723464608192444,0.4953147917985916,0.6931878328323364,0.3723464608192444,0.11334213146696528,0.8117277696728706,0.18457785065506832,0.09852409617387602,0.9018878647211138
208,6.931912568306011,143.8168036971023,173.42513121110272,0.6538679897785187,0.1806138232388121,5.645809763819926,0.6538679897785187,0.6360902786254883,0.6538679897785187,0.7216164767742157,0.37361691892147064,0.49645228683948517,0.6899152100086212,0.37361691892147064,0.10370910194649376,0.8098986209793524,0.1964285094830921,0.09222980463494372,0.8579107956066071
209,6.965239071038251,167.20437323167795,171.23578861579335,0.6717433333396912,0.22246291578298188,0.49557107850753823,0.6717433333396912,0.6339203715324402,0.6717433333396912,0.7207006067037582,0.3734186291694641,0.495531901717186,0.686972051858902,0.3734186291694641,0.09964040935615588,0.8091536548101541,0.2769130588868343,0.09681508473148441,1.0119871022864833
210,6.998565573770492,164.533327749328,169.93905306144373,0.667017012834549,0.2165292019298046,1.9904600381070452,0.667017012834549,0.6384308934211731,0.667017012834549,0.7199317067861557,0.37386441230773926,0.49637413024902344,0.6840536892414093,0.37386441230773926,0.10933173300039167,0.8080571567018827,0.288838700499608,0.09961182764591463,1.0007256532017046
211,7.031892076502732,134.4041307014652,170.9029996978844,0.6511940360069275,0.1787681963315614,9.034648310209263,0.6511940360069275,0.6385209858417511,0.6511940360069275,0.7192151546478271,0.37530480325222015,0.49720004200935364,0.6804580986499786,0.37530480325222015,0.10230265374034643,0.8090333231922352,0.3045581900849926,0.11358262986853729,0.8380570720336377
212,7.065218579234973,136.58077593069152,166.4663140679693,0.6475317776203156,0.17527407523695182,2.1676652279936377,0.6475317776203156,0.6394817531108856,0.6475317776203156,0.7192684412002563,0.375137522816658,0.49579156935214996,0.6771497428417206,0.375137522816658,0.09932259664476739,0.8110007404377966,0.20982923302288184,0.10998185948181728,0.8217308584107064
213,7.098545081967213,131.4334443270449,165.1613199817604,0.6465663909912109,0.15710453370380903,13.0057758586658,0.6465663909912109,0.6391912996768951,0.6465663909912109,0.7191587835550308,0.375244140625,0.49441537261009216,0.671312153339386,0.375244140625,0.0967995327350763,0.8106181980534033,0.1945765051829354,0.10840448200162772,0.7885587533717967
214,7.131871584699454,139.5553569987183,157.78004515596822,0.6467020213603973,0.14970113940263113,1.1635661935277426,0.6467020213603973,0.6392781734466553,0.6467020213603973,0.7193024605512619,0.37491844594478607,0.4944823533296585,0.6689850091934204,0.37491844594478607,0.11907485842195989,0.8151658048683946,0.11653278743514472,0.10690699927503634,0.8102673751123118
215,7.165198087431694,139.3484628400431,157.47097881083297,0.6453417241573334,0.15738231735655195,4.15582503766268,0.6453417241573334,0.6376185119152069,0.6453417241573334,0.719629317522049,0.3748535066843033,0.4928603172302246,0.6662964224815369,0.3748535066843033,0.1296649429935075,0.8172484168952162,0.11038628682944528,0.11111474041687132,0.807274012937962
216,7.1985245901639345,128.06537156831706,154.7016609296032,0.6439672410488129,0.13979353311283002,12.95350368176156,0.6439672410488129,0.6354107558727264,0.6439672410488129,0.7203822135925293,0.3726990222930908,0.49205854535102844,0.6633825898170471,0.3726990222930908,0.12146051110888965,0.8187026824011947,0.09516445222865323,0.09627870764686777,0.7400236221592463
217,7.231851092896175,131.87516477513105,164.692170113853,0.6432076096534729,0.1300737945517603,13.013442013184516,0.6432076096534729,0.6312362551689148,0.6432076096534729,0.7206465154886246,0.37151992321014404,0.4926946461200714,0.6595459580421448,0.37151992321014404,0.11979201214598785,0.8196175443855199,0.09314906270834661,0.09592069093510629,0.7605845231187875
218,7.2651775956284155,130.1880384530148,165.3881069037933,0.6435160636901855,0.13112295483309952,12.785987621289848,0.6435160636901855,0.6291908025741577,0.6435160636901855,0.7212640047073364,0.3714972585439682,0.49311092495918274,0.6561796367168427,0.3714972585439682,0.10733040300691205,0.8207748184601465,0.09985670721179847,0.09655272544915035,0.7532238924580662
219,7.298504098360656,130.85049092206327,168.15084063791835,0.6441159844398499,0.1350471326819027,14.222379945337678,0.6441159844398499,0.6275668740272522,0.6441159844398499,0.7213122993707657,0.3702230155467987,0.49294470250606537,0.6542766988277435,0.3702230155467987,0.11680409031030116,0.8248908686818499,0.11920645955090856,0.11219340793254359,0.762709109654513
220,7.331830601092896,136.43609183358882,167.5236129619743,0.647185355424881,0.13214977077837964,10.278578504562319,0.647185355424881,0.6276512742042542,0.647185355424881,0.72121661901474,0.3698137104511261,0.49141423404216766,0.6515121459960938,0.3698137104511261,0.11982969464551708,0.8310811804099516,0.11241274086824857,0.10934405384276942,0.7917021102248569
221,7.365157103825137,139.93978365217225,167.29182580668743,0.6489336490631104,0.11475385207231113,6.843257620311903,0.6489336490631104,0.6283500790596008,0.6489336490631104,0.7204549312591553,0.3703785836696625,0.4914885014295578,0.645307719707489,0.3703785836696625,0.11338588143953195,0.8389475995844061,0.11142579945369521,0.11868093052378938,0.8108709823481767
222,7.398483606557377,160.4430712366687,177.44155147310627,0.6499232649803162,0.13449930849757127,6.342890022862093,0.6499232649803162,0.6274669766426086,0.6499232649803162,0.7184119522571564,0.37278279662132263,0.49600832164287567,0.6427108347415924,0.37278279662132263,0.113587332460686,0.8461774975964518,0.1228855681663348,0.12489333105321976,0.9282160662091709
223,7.431810109289617,154.61908347018476,176.6010942898638,0.6499425768852234,0.14360494874460555,10.387103980156496,0.6499425768852234,0.6281666159629822,0.6499425768852234,0.7159168720245361,0.3765092194080353,0.4981277585029602,0.639494925737381,0.3765092194080353,0.117174070330001,0.8544982120846257,0.1351204918794289,0.12397857507990855,0.8995310557315217
224,7.465136612021857,151.9259639474973,175.80430485407956,0.6468815207481384,0.14364958180496779,15.951315124984234,0.6468815207481384,0.6284961104393005,0.6468815207481384,0.713310033082962,0.37878525257110596,0.4956102520227432,0.6370705366134644,0.37878525257110596,0.1305765314850926,0.8585563166574999,0.13445892743566173,0.10743182209795428,0.8843708112723503
225,7.498463114754098,149.0391198633394,173.8691588922418,0.6413063704967499,0.13618706535193498,14.616860703459366,0.6413063704967499,0.6287084817886353,0.6413063704967499,0.7110710591077805,0.3787696659564972,0.4962924122810364,0.6344283223152161,0.3787696659564972,0.12683624689938136,0.8623564956766187,0.13616263357932093,0.10362097110440278,0.8688439004256818
226,7.531789617486338,141.36149954916493,171.24961469490648,0.6360040605068207,0.1118349630780776,12.89379770563724,0.6360040605068207,0.628957211971283,0.6360040605068207,0.7101879119873047,0.37895093858242035,0.4962129592895508,0.6309601962566376,0.37895093858242035,0.11679143533526204,0.8657163318359491,0.14777357382713827,0.10226913452880683,0.8296737363101689
227,7.565116120218579,149.71918955947768,170.02551871169163,0.6350295543670654,0.098426334252805,10.704194397968052,0.6350295543670654,0.6300824284553528,0.6350295543670654,0.7093663811683655,0.3789231777191162,0.49710436165332794,0.6280564069747925,0.3789231777191162,0.1234505145206808,0.8643477450717579,0.14068787607489322,0.09723764197056159,0.8739796381528995
228,7.598442622950819,146.23795911737628,177.86766878239737,0.6328591704368591,0.1177196932200269,17.581811302510005,0.6328591704368591,0.6301390826702118,0.6328591704368591,0.7092282474040985,0.3794151693582535,0.49374590814113617,0.6233852803707123,0.3794151693582535,0.11286804076161316,0.8632100811510375,0.12811138925729676,0.10280761829644523,0.850866522984835
229,7.63176912568306,148.55665096457219,178.14455036126597,0.6317401230335236,0.13471383865566164,20.938350726042103,0.6317401230335236,0.6299446225166321,0.6317401230335236,0.7092288732528687,0.3792874962091446,0.4916025400161743,0.6209016144275665,0.3792874962091446,0.11495347341014484,0.8614854920994152,0.11517900978557194,0.10690747344068749,0.8598684305166282
230,7.6650956284153,151.06030877296408,158.31316083720318,0.6337653696537018,0.1689408421304957,11.623860711944133,0.6337653696537018,0.6298292577266693,0.6337653696537018,0.7096821516752243,0.3787849396467209,0.489699125289917,0.617366760969162,0.3787849396467209,0.12650763858834538,0.8568586363936915,0.11998123181532322,0.11393689319880565,0.8752183071721752
231,7.698422131147541,139.70357244303753,173.7437938457868,0.6348773539066315,0.15368313839535855,5.883664698196981,0.6348773539066315,0.6297518610954285,0.6348773539066315,0.7101576179265976,0.37777024507522583,0.492313489317894,0.6133365035057068,0.37777024507522583,0.11539691493983728,0.8517476428638805,0.11529587965575301,0.11186351233725031,0.8107197219136011
232,7.731748633879781,145.61331774792433,171.031080171636,0.6355433762073517,0.15250664191213112,7.121368141296728,0.6355433762073517,0.6296259760856628,0.6355433762073517,0.711040124297142,0.376311719417572,0.4943244308233261,0.6095311939716339,0.376311719417572,0.09940970084034775,0.8480204461198865,0.12116603069534271,0.11761159978154578,0.8453126855859603
233,7.765075136612022,146.42283532449073,167.38326520998575,0.6359476149082184,0.142534198148712,7.859972762352754,0.6359476149082184,0.6291924118995667,0.6359476149082184,0.7115022093057632,0.37626856565475464,0.49493512511253357,0.6051799356937408,0.37626856565475464,0.08945351702307798,0.8403152028719584,0.1140046664221632,0.11352950683373937,0.8476615961738196
234,7.798401639344262,134.54077268500953,169.61647106388114,0.637304276227951,0.1323866804917339,11.01674128658695,0.637304276227951,0.6317675709724426,0.637304276227951,0.7122156471014023,0.37626439332962036,0.4937143921852112,0.6017351746559143,0.37626439332962036,0.08384596569054283,0.831285096930735,0.10950417519559433,0.109345156672411,0.78029998969762
235,7.831728142076503,135.02626439253297,173.42329014285843,0.6372570693492889,0.12688921561905953,12.223962398690304,0.6372570693492889,0.631814181804657,0.6372570693492889,0.7132352143526077,0.3760244846343994,0.4931105077266693,0.5988549590110779,0.3760244846343994,0.08149708426067695,0.8258455743392309,0.11409615719720265,0.11140536928849129,0.7843747604510105
236,7.865054644808743,133.25186447472203,174.7242156877331,0.637303501367569,0.11866627788826502,12.280970161344129,0.637303501367569,0.6307421326637268,0.637303501367569,0.7136760205030441,0.3755839020013809,0.49353349208831787,0.5954243540763855,0.3755839020013809,0.06892861451102295,0.8244164689923777,0.10798031036809004,0.10172231808794086,0.7726822290811048
237,7.8983811475409835,135.08800364398982,173.94460476557782,0.638683408498764,0.12705231353878843,10.807919521261823,0.638683408498764,0.6283125281333923,0.638683408498764,0.7136620134115219,0.3755044937133789,0.49351048469543457,0.5910065174102783,0.3755044937133789,0.07461089028493395,0.8231044393597227,0.10697616834411229,0.10231757212233161,0.7825817596365106
238,7.931707650273224,136.46635554281357,173.7908174742742,0.6367483139038086,0.1294797078428454,11.134615731407763,0.6367483139038086,0.6284275650978088,0.6367483139038086,0.7135769426822662,0.3753926157951355,0.49377040565013885,0.5882708430290222,0.3753926157951355,0.07577280767152764,0.8252494940252015,0.10853222328133023,0.10560814736934945,0.7907060866666967
239,7.9650341530054645,140.69701782417667,173.94302156501865,0.6381941139698029,0.14931539797557258,9.59959493319667,0.6381941139698029,0.6283716857433319,0.6381941139698029,0.7124744057655334,0.37686026096343994,0.495752289891243,0.5850450694561005,0.37686026096343994,0.08355324938300351,0.8257243100440863,0.12751715619576326,0.10536936449103802,0.8199052458819327
240,7.998360655737705,139.04436793633394,172.99016294001626,0.6381424069404602,0.15225207759947237,6.5824079054845015,0.6381424069404602,0.6265280544757843,0.6381424069404602,0.7094220370054245,0.37826278805732727,0.4957934767007828,0.5819056034088135,0.37826278805732727,0.08404455553199067,0.8269909051331606,0.12102529343508982,0.10008835856731624,0.8087762987879377
241,8.031687158469945,141.11630884969887,170.44516693578606,0.6324101686477661,0.1329369338965179,6.277992768578713,0.6324101686477661,0.6243388056755066,0.6324101686477661,0.7064565867185593,0.37929312884807587,0.49578069150447845,0.5786455571651459,0.37929312884807587,0.08741552567396696,0.8293584476817738,0.13360040687624328,0.10969299479806997,0.8240596156723112
242,8.065013661202185,139.37642813881365,170.4459735438557,0.6326870620250702,0.13571208391013367,8.218518846947688,0.6326870620250702,0.6234765648841858,0.6326870620250702,0.7052242755889893,0.3794342577457428,0.4953289031982422,0.5751098096370697,0.3794342577457428,0.08606731037463275,0.8309926544175004,0.14048286322324693,0.11053115392866862,0.8164583486270499
243,8.098340163934425,137.72103129027158,170.8249897853207,0.6293684542179108,0.13022390193907615,4.98685154689997,0.6293684542179108,0.6202924251556396,0.6293684542179108,0.7035692632198334,0.3798496276140213,0.496245339512825,0.5707913339138031,0.3798496276140213,0.08572274093161934,0.8328424218026075,0.15590513051439475,0.11298275590752348,0.8118883796558272
