frame_index,time_s,lead_arm_angle_deg,trail_elbow_angle_deg,lead_knee_angle_deg,trail_knee_angle_deg,shoulder_hip_separation_deg,head_to_hip_midpoint_dist,stance_width_dist,wrist_mid_x,wrist_mid_y,hand_height_norm,left_wrist_height_norm,right_wrist_height_norm,torso_line_angle_deg,left_elbow_angle_deg,right_elbow_angle_deg,mean_visibility,wrist_speed_norm_per_s
0,0.0,165.5666540518821,108.00463548947113,159.4232025648587,87.91802590990605,2.3043241056288366,0.5169404687796023,0.5310088624827516,0.3278454542160034,0.5560269355773926,0.4439730644226074,0.4787029027938843,0.40924322605133057,-52.474964168156205,165.5666540518821,108.00463548947113,0.7929785332896493,0.1166930862914723
1,0.03327932098765432,159.21600378931882,109.89672838468395,120.40113110137668,98.0983426771346,2.4705506967698057,0.4416797887364648,0.3958297751083557,0.32853105664253235,0.547687292098999,0.452312707901001,0.4857521653175354,0.41887325048446655,-51.87192528321425,159.21600378931882,109.89672838468395,0.7869256152348085,0.09766898824905067
2,0.06655864197530864,174.6940698856354,94.6232488514903,70.5692518154701,100.94825528736965,1.2517810242841563,0.4193407420488371,0.3393663567154416,0.33166131377220154,0.5486757755279541,0.4513242244720459,0.4852614998817444,0.4173869490623474,-50.827150380475615,174.6940698856354,94.6232488514903,0.7844057923013513,0.07897731425955516
3,0.09983796296296296,169.94765713863413,93.1224891866722,67.77329173443925,101.8777755703689,0.3729663519748385,0.4238285860120906,0.3263203557068684,0.33289483189582825,0.5492268800735474,0.45077311992645264,0.4850043058395386,0.4165419340133667,-50.26175120317164,169.94765713863413,93.1224891866722,0.7817726284265518,0.10815266386816401
4,0.13311728395061728,171.96907380770998,90.86182039462985,67.05199967861242,105.30506187287125,0.4484055701300349,0.4428252892960561,0.3280035278464913,0.33301393687725067,0.5493007004261017,0.4506992995738983,0.4850282073020935,0.4163703918457031,-51.02028262015898,171.96907380770998,90.86182039462985,0.77904943309047,0.06710228949025945
5,0.1663966049382716,173.4520211108071,87.0342814631881,69.48284892466516,112.06825293013998,0.5096552213220775,0.4139922705114244,0.3467364636566374,0.3317589610815048,0.5446110367774963,0.45538896322250366,0.4834553599357605,0.4273225665092468,-51.668680845569185,173.4520211108071,87.0342814631881,0.7762341955394456,0.05849424533413365
6,0.19967592592592592,149.96966280852308,94.7960568641595,71.68689952625243,89.55125860891269,0.1814489599406386,0.4284916872740432,0.37511921804979,0.3309837430715561,0.5432837009429932,0.45671629905700684,0.48409396409988403,0.42933863401412964,-52.09904255796155,149.96966280852308,94.7960568641595,0.773195105971712,0.056618736922884855
7,0.23295524691358024,166.3046796168795,93.4713259636759,77.31970131137078,95.68682135365738,1.414246008576157,0.4232592390944255,0.3693906083343959,0.33091500401496887,0.5451326966285706,0.45486730337142944,0.48403626680374146,0.42569833993911743,-52.26933265539416,166.3046796168795,93.4713259636759,0.7691579736543425,0.11119144977584797
8,0.26623456790123456,32.11888291362417,108.31668748574477,81.08937692061491,99.09687007913335,2.610265537033399,0.36184383012890514,0.34060278902409213,0.32990770041942596,0.5453871786594391,0.4546128213405609,0.4835495948791504,0.42567604780197144,-52.61399309890078,32.11888291362417,108.31668748574477,0.7655368088321253,0.09125771353150312
9,0.29951388888888886,167.191179709342,89.81399472338396,76.65174396075577,99.82825332388308,1.3972744989685282,0.3976401919804594,0.3028116333161305,0.3264721781015396,0.5539441108703613,0.44605588912963867,0.47693413496017456,0.4151776432991028,-52.40931880918663,167.191179709342,89.81399472338396,0.7625395980748263,0.09070302248557219
10,0.3327932098765432,164.45280697538712,84.68001774091194,78.60168981522384,99.94048873124765,0.7908929433724552,0.4096173027809347,0.302041649272366,0.32737262547016144,0.5526975393295288,0.4473024606704712,0.4814090132713318,0.4131959080696106,-51.906490765883724,164.45280697538712,84.68001774091194,0.7606762938878753,0.08948678676495375
11,0.3660725308641975,166.4230558210239,91.97875771343233,83.59337268927949,96.17174894054259,0.0555518160144004,0.4318034219292606,0.3355166769022937,0.3281257748603821,0.5539305508136749,0.4460694491863251,0.48352569341659546,0.4086132049560547,-51.51143951185158,166.4230558210239,91.97875771343233,0.7606644494967028,0.08935355531347323
12,0.39935185185185185,167.37339096036015,92.23293223264413,92.2728075221749,97.47547050256861,0.47971792109623834,0.4326694899399012,0.34077614029576503,0.32914307713508606,0.5552269518375397,0.4447730481624603,0.483734130859375,0.40581196546554565,-51.6863153380876,167.37339096036015,92.23293223264413,0.761104872055126,0.040613730102863815
13,0.43263117283950614,164.93366561928005,96.95889060553641,91.9959331395627,97.88351359443678,1.6248094511972795,0.4139668074151568,0.3336107454705284,0.3299991637468338,0.554678350687027,0.445321649312973,0.485717236995697,0.404926061630249,-51.54067784781296,164.93366561928005,96.95889060553641,0.7618190801956437,0.03598707562133551
14,0.4659104938271605,162.64761409972567,96.62421087390972,91.51878857850622,100.32723327463306,2.2972930134152136,0.3973639895738811,0.3330652588133299,0.3308557868003845,0.5539713501930237,0.4460286498069763,0.4867585301399231,0.40529876947402954,-51.205374823283734,162.64761409972567,96.62421087390972,0.7630495528380076,0.036022308092955396
15,0.4991898148148148,34.88743280779055,97.71835485327313,93.41606601547093,101.0791344112778,0.507261950345395,0.38782095619637275,0.36102429141454623,0.3316083997488022,0.5538188219070435,0.44618117809295654,0.4872337579727173,0.4051285982131958,-50.87707781648715,34.88743280779055,97.71835485327313,0.7646760102925878,0.03551310945645331
16,0.5324691358024691,165.20776466413304,96.91118593700966,107.26842827701523,103.83113749173368,1.631799310420945,0.42313489129261844,0.358662847207135,0.33146989345550537,0.5552628934383392,0.44473710656166077,0.48770058155059814,0.4017736315727234,-50.94579864604119,165.20776466413304,96.91118593700966,0.765545473180034,0.05070526613536929
17,0.5657484567901234,156.21648896563397,98.3479157144395,84.30210020041544,86.60132475915049,0.13066327429555713,0.422519260471834,0.382020072607065,0.33016276359558105,0.5561201572418213,0.4438798427581787,0.4853976368904114,0.40236204862594604,-50.311448354065526,156.21648896563397,98.3479157144395,0.7666222642768513,0.056587943602947215
18,0.5990277777777777,158.18295289404176,97.76126000951011,83.4492057190697,82.25742200943748,0.2510711866959525,0.42400220152061074,0.3763256986005175,0.3287305682897568,0.5593626499176025,0.44063735008239746,0.47911351919174194,0.402161180973053,-49.82318494923903,158.18295289404176,97.76126000951011,0.7682748423381285,0.07329412785862596
19,0.6323070987654321,160.49427834918583,100.81698408805715,75.1740165313613,77.26669636830717,1.2462202993297637,0.4464956837545369,0.37382200723981207,0.3278987556695938,0.5612795054912567,0.4387204945087433,0.4746832251548767,0.40275776386260986,-49.16431560370206,160.49427834918583,100.81698408805715,0.7668064979441238,0.08683157954874983
20,0.6655864197530864,143.39544866511042,99.17078325638963,66.62509601964761,77.55152529465042,1.0212878242738839,0.44286041153752764,0.3200065929339066,0.3285568952560425,0.5647656917572021,0.43523430824279785,0.4673120975494385,0.4031565189361572,-48.132971689100856,143.39544866511042,99.17078325638963,0.7652734502246885,0.08902046704217577
21,0.6988657407407407,142.030887961786,92.4486229289054,65.70188813060176,72.7770484707522,0.9130835888184095,0.43845501466100223,0.28155820352710503,0.3322107195854187,0.5641624629497528,0.4358375370502472,0.4683026075363159,0.40337246656417847,-47.01960208166063,142.030887961786,92.4486229289054,0.7657678066329523,0.07869854223012925
22,0.732145061728395,166.79641555416788,92.39633603849194,69.2907316257069,73.14289244956521,0.6542879537702788,0.43854414415422516,0.28525819572545785,0.3339654952287674,0.5633652210235596,0.43663477897644043,0.4684617519378662,0.40480780601501465,-45.83519966033381,166.79641555416788,92.39633603849194,0.7649541366280932,0.08127411917829193
23,0.7654243827160494,164.59358045047577,92.19241693712563,72.2070641189767,81.38472341993986,0.1826621519710443,0.40802260124349304,0.27852014258689034,0.3347080200910568,0.5650347173213959,0.4349652826786041,0.46422523260116577,0.4057053327560425,-45.60107881714623,164.59358045047577,92.19241693712563,0.7651612609624863,0.0636174275737405
24,0.7987037037037037,159.48369677558392,89.98484065244939,76.11014494857321,85.641248875197,0.49992603097504684,0.381998686812929,0.2745092429047241,0.33493442833423615,0.5625267922878265,0.43747320771217346,0.4670634865760803,0.4078829288482666,-45.595829948511216,159.48369677558392,89.98484065244939,0.7641600043033109,0.050273106330712664
25,0.831983024691358,144.18756902819928,87.78363142628808,80.12877800857812,94.33118683144158,0.7229554238415119,0.36920677889465703,0.2723815162174063,0.33517831563949585,0.5630856454372406,0.4369143545627594,0.4623638987541199,0.4114648103713989,-45.95204065211918,144.18756902819928,87.78363142628808,0.7638087243293271,0.05520351045079319
26,0.8652623456790123,137.44837710488727,86.2255569879591,80.05704117948494,96.2603992313324,1.0381842393485954,0.3674214950868683,0.2741836855737777,0.33402496576309204,0.5621536672115326,0.4378463327884674,0.46319669485092163,0.4124959707260132,-46.29303128134307,137.44837710488727,86.2255569879591,0.7635975719401331,0.04741799492953016
27,0.8985416666666667,80.48791553478907,89.08242234830271,73.27035162234233,90.44209713526824,0.46180169825859707,0.36974572950970064,0.290142552103196,0.33425068855285645,0.5594151616096497,0.44058483839035034,0.46867555379867554,0.41249412298202515,-46.550847868945915,80.48791553478907,89.08242234830271,0.764046091699239,0.04112190352480159
28,0.931820987654321,95.75426942319567,88.03941576144634,79.46438791038648,88.25003968206359,1.3486388566545031,0.3390846461431048,0.27499040727566243,0.3345891088247299,0.559005081653595,0.44099491834640503,0.4687458872795105,0.41324394941329956,-46.65595026249097,95.75426942319567,88.03941576144634,0.7648699848037778,0.0446242875647242
29,0.9651003086419753,166.86138618125904,89.65684084889688,77.80385036175655,88.86306383999617,0.47670217945540116,0.35760458159973085,0.2530806924435996,0.33326227962970734,0.5596389770507812,0.44036102294921875,0.4677220582962036,0.4129999876022339,-46.90338777394033,166.86138618125904,89.65684084889688,0.7650959503018495,0.04769508865648779
30,0.9983796296296296,166.53167749983982,92.38869615153703,80.02887920403217,93.7114331894742,0.1771773997231776,0.345461983576119,0.2513884965799063,0.33236055076122284,0.5588585734367371,0.44114142656326294,0.46808451414108276,0.4141983389854431,-47.39137100586997,166.53167749983982,92.38869615153703,0.7640235008615436,0.045655065939824935
31,1.031658950617284,171.78773768277523,92.97691458240939,78.98496417796927,90.281498803411,0.12668138609780044,0.3602025262334691,0.23951942809713733,0.33240552246570587,0.5568652749061584,0.44313472509384155,0.4709658622741699,0.4153035879135132,-47.81385624555443,171.78773768277523,92.97691458240939,0.7620982040058483,0.04891934665840542
32,1.0649382716049383,166.1401689174972,88.87289664180733,78.57329506936765,94.70056207059486,0.021788602383878697,0.35286304555139125,0.24805959101505687,0.33270907402038574,0.5544761419296265,0.44552385807037354,0.47190845012664795,0.4191392660140991,-48.274546642268156,166.1401689174972,88.87289664180733,0.7610966357769389,0.08204599491903374
33,1.0982175925925926,157.24272058456498,93.94028818635623,76.86296184399541,92.98213257605708,0.4140424362731494,0.35901714665383866,0.24807866443322515,0.3333805650472641,0.5553154349327087,0.44468456506729126,0.4713450074195862,0.41802412271499634,-48.21807777725573,157.24272058456498,93.94028818635623,0.7600166122570182,0.08651020545618897
34,1.1314969135802468,175.0868793755626,88.60054479563516,76.97110351126327,99.29997922093614,0.7630844275516324,0.3824910047888923,0.25973090262011667,0.33679282665252686,0.5492233335971832,0.4507766664028168,0.48381900787353516,0.4177343249320984,-47.92223818047,175.0868793755626,88.60054479563516,0.7589873775388255,0.07654675383537088
35,1.1647762345679011,171.65962820764716,90.2776909617661,76.33087746454574,96.29896270911743,1.0612478350224706,0.38590267938625117,0.26114246304667804,0.33829498291015625,0.5504436492919922,0.4495563507080078,0.48179709911346436,0.41731560230255127,-47.360626527178894,171.65962820764716,90.2776909617661,0.7593256011605263,0.06937140376229399
36,1.1980555555555554,176.23862176870367,90.73137627283576,73.93748155171171,92.93901057987156,0.6824429462698731,0.3912599802045864,0.26075928346525723,0.338134765625,0.5501483976840973,0.4498516023159027,0.48216819763183594,0.4175350069999695,-47.57942979747271,176.23862176870367,90.73137627283576,0.75938295392376,0.08512538139103569
37,1.2313348765432097,178.6400868911146,89.62061560595593,74.85784588608465,99.36440982180419,0.4913513415506827,0.38189746762947163,0.25882273981843024,0.3380897343158722,0.5513619482517242,0.44863805174827576,0.4774690866470337,0.4198070168495178,-47.68360256314862,178.6400868911146,89.62061560595593,0.7586888826706193,0.06712246888241923
38,1.2646141975308642,175.17663529281944,91.67227547430824,71.3351585830073,97.32784604621537,0.675846965235138,0.39188553885880745,0.2634038925120678,0.3381367027759552,0.5550579130649567,0.44494208693504333,0.470453143119812,0.41943103075027466,-47.49812245848538,175.17663529281944,91.67227547430824,0.7588882166327853,0.06561465390905342
39,1.2978935185185185,177.58158352003548,90.42656327099463,70.55397343741629,93.62475373234012,0.15349556214474092,0.3989219985290256,0.25804967380664445,0.3389527201652527,0.551155298948288,0.44884470105171204,0.47922009229660034,0.41846930980682373,-47.2348785054883,177.58158352003548,90.42656327099463,0.7609451796972391,0.0671964719488597
40,1.3311728395061728,174.84341969332658,88.28233284388041,70.81125114493699,90.70447149858072,0.541596421887192,0.3560112766965527,0.26397226546288816,0.33965252339839935,0.5496230721473694,0.4503769278526306,0.4820684790611267,0.4186853766441345,-47.11025509144488,174.84341969332658,88.28233284388041,0.761817338114435,0.0786117626466552
41,1.3644521604938271,172.86946625679153,89.49323580317774,73.44737083636043,92.85670475406489,1.4648696122274885,0.3556375281369239,0.25799081906024324,0.33980438113212585,0.5490435063838959,0.4509564936161041,0.4827526807785034,0.41916030645370483,-47.2642533089411,172.86946625679153,89.49323580317774,0.7622286426750097,0.05958043358394342
42,1.3977314814814814,167.65378605382233,87.4629441717994,73.87283794798617,94.54029727693616,0.49084208089166736,0.3309547802915384,0.26003610516592346,0.34145499765872955,0.5464031398296356,0.4535968601703644,0.48700159788131714,0.4201921224594116,-47.66676757897442,167.65378605382233,87.4629441717994,0.7631148765936042,0.07658341052626609
43,1.4310108024691357,170.0456961973321,87.49561617135203,74.07199236570898,95.47328641291563,0.10474054732719651,0.34421669655622894,0.25989288622095585,0.3409745693206787,0.5466257929801941,0.4533742070198059,0.485958456993103,0.4207899570465088,-47.55267434616198,170.0456961973321,87.49561617135203,0.7639856142076579,0.0760133272891218
44,1.46429012345679,82.10236785174091,87.24393888279211,74.06449885959138,94.25334960025833,0.7927841798306758,0.3081074006054499,0.25967374554471406,0.3404283821582794,0.5534201264381409,0.44657987356185913,0.4720040559768677,0.4211556911468506,-47.6518701883442,82.10236785174091,87.24393888279211,0.76599409950502,0.09261544138683951
45,1.4975694444444443,74.67066055282399,85.57216782171024,72.96012891163338,94.40527586026006,1.0057558352345097,0.32140674983529055,0.2618596615496859,0.34097927808761597,0.5549112260341644,0.44508877396583557,0.4686695337295532,0.4215080142021179,-47.96868241057211,74.67066055282399,85.57216782171024,0.7677720114588737,0.08183502180726854
46,1.5308487654320988,58.17418225514943,82.06511043847344,69.81587928131559,89.54946058016832,1.6323155996040555,0.31808392849845774,0.283581086037464,0.34120817482471466,0.5582650899887085,0.4417349100112915,0.45950847864151,0.423961341381073,-48.438162597426036,58.17418225514943,82.06511043847344,0.7714322085181872,0.09089843228508726
47,1.564128086419753,64.21963749122219,83.8980426691732,66.57362017329936,90.83414433146693,1.948880441441986,0.31866573842567913,0.2973494623557222,0.34156540036201477,0.5595358610153198,0.4404641389846802,0.4563823342323303,0.42454594373703003,-48.95701543845045,64.21963749122219,83.8980426691732,0.7744044252868855,0.0529363151170188
48,1.5974074074074074,61.417072635655465,84.61088910972529,70.11453703701154,93.20256157843616,2.511404150370339,0.3223015800229,0.3015859754848942,0.3396255671977997,0.5601595640182495,0.4398404359817505,0.4547472596168518,0.42493361234664917,-48.88444711535098,61.417072635655465,84.61088910972529,0.7754449758565787,0.04369563420663026
49,1.6306867283950617,63.74032866200613,85.63334961879977,68.11444416131481,85.06629112396928,2.8750443090261797,0.32293401164910296,0.3220532525302184,0.3399483561515808,0.5597783923149109,0.4402216076850891,0.45608192682266235,0.42436128854751587,-49.10428226347045,63.74032866200613,85.63334961879977,0.7778234556317329,0.03717184006917876
50,1.663966049382716,75.2697068208632,88.91633328266853,69.37413702750725,86.90216837525192,2.9946465388234174,0.33361887528137285,0.2843650038143571,0.33990171551704407,0.5598013699054718,0.4401986300945282,0.45849907398223877,0.4218981862068176,-48.70880604589813,75.2697068208632,88.91633328266853,0.7780188109838602,0.048655786534078586
51,1.6972453703703703,70.8606365304872,89.04967704198495,77.5673661798193,87.78797200031737,3.285239036884093,0.33409053027265784,0.24394880157252308,0.33913037180900574,0.5619428157806396,0.43805718421936035,0.4548964500427246,0.4212179183959961,-48.239022688545475,70.8606365304872,89.04967704198495,0.7808624397624623,0.09546659686572123
52,1.7305246913580246,69.12287119360332,90.14379415402358,77.68446977915528,86.52874045325241,3.8050724154643376,0.3583112197623327,0.24299060886639987,0.33591653406620026,0.5616110563278198,0.4383889436721802,0.45569896697998047,0.4210789203643799,-47.79520637222987,69.12287119360332,90.14379415402358,0.7827355778127005,0.10413502084772558
53,1.7638040123456789,51.9428744227641,91.87518258126106,80.8477442615234,87.86424203849415,3.488694360088857,0.35859949197282476,0.26182077397719133,0.3356337696313858,0.551788330078125,0.448211669921875,0.475793719291687,0.420629620552063,-47.01543318144207,51.9428744227641,91.87518258126106,0.782618486745791,0.11629613850966394
54,1.7970833333333334,32.17360284786261,97.63806088648936,77.16265076587824,83.56073598571555,3.3716003307658298,0.3583630828995105,0.26857376480589373,0.3355803042650223,0.5498471856117249,0.45015281438827515,0.48330408334732056,0.41700154542922974,-46.788829090119414,32.17360284786261,97.63806088648936,0.7831529175693338,0.11171825685608967
55,1.8303626543209877,33.15557837364078,100.3066386923044,73.70407176115319,85.19478970299461,2.4963851164054915,0.3677500774610558,0.27111097361224984,0.33595092594623566,0.547804981470108,0.45219501852989197,0.48945462703704834,0.4149354100227356,-47.400918860665755,33.15557837364078,100.3066386923044,0.7853672287680886,0.12338672435962197
56,1.863641975308642,39.23446794970555,97.59864557735068,60.75583943998493,72.05163598762043,1.5560367214784208,0.41021724789331426,0.25910516552506585,0.3345213681459427,0.5473052561283112,0.45269474387168884,0.49153363704681396,0.4138558506965637,-47.47432921517823,39.23446794970555,97.59864557735068,0.7883106596542128,0.23945066196098014
57,1.8969212962962962,63.25604405640521,94.52056381512293,54.542408943084936,62.181477815588735,1.9869144298196488,0.4148382345468758,0.28497516301444714,0.32994045317173004,0.5497073531150818,0.4502926468849182,0.48961400985717773,0.4109712839126587,-48.71860387473336,63.25604405640521,94.52056381512293,0.7919958852457277,0.269188776695729
58,1.9302006172839505,75.6339100045785,110.86625917370041,44.41416149961363,53.875305691227084,1.2998461348341834,0.4734409448838847,0.35700742142219155,0.31835778057575226,0.5764458775520325,0.42355412244796753,0.4359666705131531,0.411141574382782,-50.23909374359439,75.6339100045785,110.86625917370041,0.7993588420477781,0.27698079726866764
59,1.9634799382716048,73.7102190575024,112.79651988801294,42.97909614540538,58.69942523150071,1.1441547043969251,0.445398875528122,0.3529146068151294,0.31302012503147125,0.5808029770851135,0.4191970229148865,0.427112877368927,0.41128116846084595,-51.38762751130726,73.7102190575024,112.79651988801294,0.8076680112968792,0.34525512340970543
60,1.9967592592592591,72.28704401078214,112.12715224176094,49.04977359050036,64.71931346119621,2.43552675691393,0.45383366570860073,0.34709060323635027,0.31144994497299194,0.5778187215328217,0.42218127846717834,0.4326121211051941,0.4117504358291626,-53.311407543935736,72.28704401078214,112.12715224176094,0.8144607485243769,0.38377190329516947
61,2.0300385802469134,69.50226261769198,119.3126256653776,58.330650250549596,57.508989595631554,3.471462097723048,0.36002071309731803,0.3039172513864242,0.30288906395435333,0.5682022273540497,0.4317977726459503,0.43627554178237915,0.4273200035095215,-55.79763115668781,69.50226261769198,119.3126256653776,0.819357974059654,0.26997247291261695
62,2.063317901234568,66.4057851459223,107.78981945664628,64.54882096523903,80.07276486712612,2.859265300089106,0.3507537803583565,0.29186280954294125,0.29154713451862335,0.5658584237098694,0.4341415762901306,0.43674594163894653,0.4315372109413147,-58.67880394572936,66.4057851459223,107.78981945664628,0.8248926581758441,0.3027818465991628
63,2.096597222222222,91.10213488108771,148.14118289524112,55.18710171819663,69.23748819503203,2.967953228215322,0.39522379294682036,0.37469857090428094,0.2821500599384308,0.5618824362754822,0.4381175637245178,0.44032514095306396,0.4359099864959717,-61.71076447851318,91.10213488108771,148.14118289524112,0.8307812773820126,0.31538449488524606
64,2.1298765432098765,112.3996261833481,134.33157077902723,56.15182143421813,71.37304066507495,3.4945950620439987,0.3634196854295183,0.3437775797378972,0.27260810136795044,0.5540426075458527,0.44595739245414734,0.44639068841934204,0.44552409648895264,-65.02768624946599,112.3996261833481,134.33157077902723,0.8335999268474001,0.3310411328918693
65,2.1631558641975306,121.4609978488248,146.6713489673329,68.0087671621831,64.85022452192956,4.60995779447137,0.30710664009746985,0.5106147539195015,0.26717111468315125,0.55345019698143,0.44654980301856995,0.445107638835907,0.4479919672012329,-70.02603443718236,121.4609978488248,146.6713489673329,0.8391080995400747,0.37126046143636116
66,2.196435185185185,133.17590896531644,143.1258331342579,126.50374978148504,53.44278702542918,6.7569303731046375,0.3041239195561678,0.5061833848646607,0.2521934509277344,0.5495378375053406,0.4504621624946594,0.44715774059295654,0.4537665843963623,-75.33924393821505,133.17590896531644,143.1258331342579,0.8474613455208865,0.4252437934096755
67,2.2297145061728396,127.67090864762432,142.62319135578892,131.8598342503896,61.77205560872909,7.411449647235941,0.30146392717470477,0.4028589204365838,0.23417899012565613,0.5464693307876587,0.4535306692123413,0.4507032632827759,0.45635807514190674,-78.87429882874703,127.67090864762432,142.62319135578892,0.8567522384903647,0.43098584001362555
68,2.2629938271604937,128.2331286539383,144.129491421955,144.38258696405074,60.18947414934861,7.902344927654383,0.2887360868177552,0.44220803023599703,0.21782393753528595,0.5364381670951843,0.4635618329048157,0.46088749170303345,0.4662361741065979,-80.37763902139689,128.2331286539383,144.129491421955,0.8634265182596265,0.5114917340855416
69,2.296273148148148,138.1345896475759,124.86025067638663,151.27613327583126,51.235041245845224,6.73638827602349,0.3487666474243309,0.5292400337446521,0.21487514674663544,0.523464024066925,0.47653597593307495,0.47567158937454224,0.47740036249160767,-83.10322805111869,138.1345896475759,124.86025067638663,0.8681721064177427,0.47240820019883684
70,2.3295524691358023,140.8733943235514,127.77023333609033,159.4992915843726,50.67380236779102,6.439832000286856,0.3878278349828226,0.6298595963304411,0.2124655470252037,0.5047534704208374,0.4952465295791626,0.4883764982223511,0.5021165609359741,-84.99679664794895,140.8733943235514,127.77023333609033,0.8715607596166206,0.7523547121678866
71,2.362831790123457,153.92109221298455,133.79037039828128,159.45860424906493,41.014097192749496,6.3035664810068965,0.4366629348730807,0.6566569153818669,0.2116803675889969,0.49581103026866913,0.5041889697313309,0.49862903356552124,0.5097489058971405,-85.16745145685677,153.92109221298455,133.79037039828128,0.8758375906583035,0.7717271283482682
72,2.396111111111111,162.15849313849424,143.03557660485015,151.69706328785398,27.836667727702604,5.974565834820851,0.5448498141776138,0.7061668718175703,0.15234816074371338,0.46961942315101624,0.5303805768489838,0.5267647206783295,0.5339964330196381,-86.74640380835068,162.15849313849424,143.03557660485015,0.8833024140560266,0.7888931039095884
73,2.4293904320987654,166.04597427225997,143.836139476373,157.73065547951464,29.419436442815783,6.205185734311556,0.471991982543515,0.7329483938637276,0.13002502918243408,0.4715878367424011,0.5284121632575989,0.5277266800403595,0.5290976464748383,-87.57300262965813,166.04597427225997,143.836139476373,0.8896195527279016,0.7355932421014177
74,2.4626697530864194,163.81905407650095,161.1279123762194,161.26250634167872,31.224312625515033,4.844520050913104,0.44025209488621597,0.7239440244899131,0.11669895052909851,0.4624442011117935,0.5375557988882065,0.5354984998703003,0.5396130979061127,-87.80259243853818,163.81905407650095,161.1279123762194,0.8947286605834961,0.7504868499924401
75,2.495949074074074,159.10142512147553,154.31344445439396,160.3829919201732,35.64272198674481,4.130037113507683,0.38151484969908933,0.6849886695516202,0.1225062906742096,0.45430798828601837,0.5456920117139816,0.5459794104099274,0.5454046130180359,-90.43607057331548,159.10142512147553,154.31344445439396,0.8980377912521362,0.39085730306754785
76,2.5292283950617285,161.57358897369463,154.80077625357012,160.6937686399354,34.815779735684615,3.9146028551766676,0.38348136020717355,0.6880098298580175,0.12567061930894852,0.4432986229658127,0.5567013770341873,0.5546426773071289,0.5587600767612457,-93.14685908494602,161.57358897369463,154.80077625357012,0.902211050192515,0.27594877611900515
77,2.5625077160493825,152.9398761870197,164.43585891711194,164.90212717837713,42.239343454817714,4.628285423044986,0.3430734804296853,0.7014570429853265,0.1240248754620552,0.43856140971183777,0.5614385902881622,0.5581451058387756,0.5647320747375488,-93.62491798794197,152.9398761870197,164.43585891711194,0.9040843103871201,0.23644123864298122
78,2.595787037037037,163.40368839700355,167.3542090782668,164.1698518797845,50.22851556407797,4.686502223865432,0.36282382659802836,0.6689043228598198,0.1255171149969101,0.44149281084537506,0.5585071891546249,0.5465766489505768,0.5704377293586731,-93.5921535692746,163.40368839700355,167.3542090782668,0.9006624402421893,0.2966552729855451
79,2.629066358024691,155.1750856400958,161.8314403006784,160.4765547410587,49.380023129355195,5.802021155446141,0.35156654318903496,0.6171548640030258,0.1232505589723587,0.4321771115064621,0.5678228884935379,0.565223753452301,0.5704220235347748,-94.24725591274209,155.1750856400958,161.8314403006784,0.903053186156533,0.33106782858646405
80,2.6623456790123456,163.2649699247252,161.88996443158138,164.56725537965642,57.71406158316644,5.4263873819809305,0.30404191136840164,0.6298247970934678,0.14288336783647537,0.4360727220773697,0.5639272779226303,0.5593464374542236,0.568508118391037,-93.22057239842451,163.2649699247252,161.88996443158138,0.8977052334583167,0.34972875686113275
81,2.6956249999999997,166.51307796992484,155.3118149554871,162.84236213777723,56.13443074652772,5.13316742384859,0.31425313011664874,0.596354592744242,0.15932698547840118,0.4410528689622879,0.5589471310377121,0.553319662809372,0.5645745992660522,-92.38175757406614,166.51307796992484,155.3118149554871,0.8954860604170597,0.3461644656724957
82,2.7289043209876542,154.78549807865022,152.81901764109284,163.25990952330872,63.48585712859133,4.980137543918374,0.2841060545274256,0.5660654262801971,0.16707494854927063,0.44348277151584625,0.5565172284841537,0.5485813021659851,0.5644531548023224,-91.98020711658674,154.78549807865022,152.81901764109284,0.8918870244965409,0.3154851219159995
83,2.7621836419753083,147.68855977149425,156.60476310005203,164.99900736059652,58.964251450505955,5.010491253118289,0.309399817965399,0.5925640300319867,0.1685844585299492,0.44124865531921387,0.5587513446807861,0.5500262081623077,0.5674764811992645,-91.6367188348877,147.68855977149425,156.60476310005203,0.8907442291577657,0.20103343458453402
84,2.795462962962963,159.67036640393218,158.57682731421352,167.03568949195608,61.9442901617553,5.350682998430159,0.2884031068679161,0.6090407494731084,0.17300136387348175,0.44201286137104034,0.5579871386289597,0.5481114983558655,0.5678627789020538,-91.55211775608761,159.67036640393218,158.57682731421352,0.8868656609997605,0.10080926250931309
85,2.8287422839506173,160.16745319885175,159.54507638894378,167.21755147566864,65.02246993669388,5.573074422040349,0.2950684710587356,0.6485630715856072,0.1721087321639061,0.44163019955158234,0.5583698004484177,0.5488482117652893,0.567891389131546,-91.98056817170965,160.16745319885175,159.54507638894378,0.8836959130836256,0.15146764832747148
86,2.8620216049382714,167.61977396645992,159.434563220503,166.1819394982672,64.31332063674458,5.454186125701199,0.29274373438492113,0.6640030242160524,0.17197903990745544,0.44211749732494354,0.5578825026750565,0.5490855872631073,0.5666794180870056,-92.33640598529458,167.61977396645992,159.434563220503,0.8801049996506084,0.22491579997057362
87,2.895300925925926,167.03163924290817,157.4120080133794,166.85250648829847,67.77491165085071,6.490890525280179,0.2928798007355907,0.663332049438053,0.15552043914794922,0.4403858780860901,0.5596141219139099,0.5532252490520477,0.5660029947757721,-90.81204326295617,167.03163924290817,157.4120080133794,0.8795334958668911,0.2753234779368663
88,2.92858024691358,173.88004516717274,158.45343156576274,165.49283222347574,52.9938142707009,6.605738468994787,0.2899772349637983,0.6494888981106682,0.14069689810276031,0.43871156871318817,0.5612884312868118,0.5566601157188416,0.5659167468547821,-91.22553230055419,173.88004516717274,158.45343156576274,0.8809779358632637,0.34903097446085146
89,2.9618595679012345,164.63940064813377,161.1635384714173,163.89602865204688,48.477495645838445,7.18951183128263,0.3814554907810799,0.6966283173498993,0.12788239121437073,0.4399075359106064,0.5600924640893936,0.5546527206897736,0.5655322074890137,-91.31805645385674,164.63940064813377,161.1635384714173,0.8836874564488729,0.36004669407545975
90,2.9951388888888886,152.1010332784048,160.71405047584994,164.50479587776402,52.66529890179582,6.911455066234453,0.36928656784661634,0.6725875303461364,0.11466378718614578,0.4405834376811981,0.5594165623188019,0.5544105768203735,0.5644225478172302,-91.29777065827726,152.1010332784048,160.71405047584994,0.8888658185799917,0.3114925126183924
91,3.028418209876543,160.10539940594708,150.17791479278748,161.57048057861752,39.4957397398462,5.823089055822379,0.3830404898204159,0.6635671709353557,0.11246051639318466,0.4413633644580841,0.5586366355419159,0.553761214017868,0.5635120570659637,-90.30476665424816,160.10539940594708,150.17791479278748,0.8952045359394767,0.29757151607542404
92,3.0616975308641976,159.17515092238,156.64436012048424,161.6386636256116,37.62763522494522,4.485219080135494,0.3815364460928557,0.655808825387807,0.1191214993596077,0.44659551978111267,0.5534044802188873,0.5532216727733612,0.5535872876644135,-89.50326589326461,159.17515092238,156.64436012048424,0.9008365228320613,0.27913295208324546
93,3.0949768518518517,167.33586025310856,157.96971294240748,163.2328497167379,36.65621950227587,4.115314712148972,0.38834442497812655,0.6762187988782092,0.12351774051785469,0.45840518176555634,0.5415948182344437,0.5397963225841522,0.5433933138847351,-88.19635363508361,167.33586025310856,157.96971294240748,0.9059322909875349,0.3295382928419491
94,3.128256172839506,166.42069052194745,150.88725166981789,159.336740646256,28.627266572127994,4.182817247394723,0.48643396856558196,0.7404125766781559,0.1310989335179329,0.46461857855319977,0.5353814214468002,0.530613899230957,0.5401489436626434,-86.54608059522941,166.42069052194745,150.88725166981789,0.9090845169443073,0.646750113404981
95,3.1615354938271603,162.89692126472696,138.31762887770228,158.58243685146385,28.533395972963852,4.54846625095422,0.541208819135595,0.7399894636741933,0.15159481018781662,0.4715091288089752,0.5284908711910248,0.5338608622550964,0.5231208801269531,-86.11792599248166,162.89692126472696,138.31762887770228,0.9114811167572484,0.6972009618593975
96,3.1948148148148148,154.5095110314254,121.36040779056609,162.64621556573366,31.102185887485078,4.328681570860169,0.47659810411065445,0.7269224084422377,0.203494131565094,0.49007517099380493,0.5099248290061951,0.5076973736286163,0.5121522843837738,-86.10835881467943,154.5095110314254,121.36040779056609,0.9119195901986324,0.6744060982822115
97,3.228094135802469,155.14480430279465,118.48367621678095,164.17924422907726,39.53206966545017,4.364253537914351,0.44863823687203447,0.6782266299641817,0.2199045792222023,0.4939644932746887,0.5060355067253113,0.4995424747467041,0.5125285387039185,-85.9742079085123,155.14480430279465,118.48367621678095,0.9126620130105452,0.7084778191002747
98,3.2613734567901234,147.79400546507688,121.4106121950848,163.46495557075832,50.37096268126299,4.747744655759448,0.3595941967893821,0.5695384662673866,0.2173730507493019,0.502401277422905,0.49759872257709503,0.4919087886810303,0.5032886564731598,-86.08243381408516,147.79400546507688,121.4106121950848,0.9132083690527714,0.6188690316484118
99,3.2946527777777774,144.46784977625214,124.31922031996059,163.60735500288402,48.80992883126144,4.747982746399316,0.3417193210899013,0.6095745176824255,0.22750914096832275,0.5140900313854218,0.48590996861457825,0.49567192792892456,0.47614800930023193,-86.55882324554194,144.46784977625214,124.31922031996059,0.9168314409978462,0.4186925018990461
100,3.327932098765432,133.31792554305505,125.3113536350757,164.57477748852153,44.04714871565039,5.199508359024776,0.36094609088490875,0.6862238868925135,0.2341853231191635,0.5147878527641296,0.48521214723587036,0.49017268419265747,0.48025161027908325,-86.8928010279235,133.31792554305505,125.3113536350757,0.9181431676402236,0.3883912791771813
101,3.3612114197530865,126.11433222826622,129.7880861703219,161.4924824929955,46.63193453309601,6.216013219518686,0.3313207348926118,0.6001946240371784,0.2272929549217224,0.5354817509651184,0.4645182490348816,0.46436285972595215,0.46467363834381104,-86.63705349871219,126.11433222826622,129.7880861703219,0.9217491673700737,0.40838721910329395
102,3.3944907407407405,130.6318761957492,142.74619121761188,154.78335033318535,64.13519063538202,6.642506618685275,0.29819964257274606,0.4849427579290778,0.23781830072402954,0.5408670008182526,0.45913299918174744,0.4674896001815796,0.4507763981819153,-85.95833550591556,130.6318761957492,142.74619121761188,0.9216690171848644,0.35625302287524513
103,3.427770061728395,115.34048959610475,152.7175183751646,156.09047057340135,71.7027102968638,6.844337867321883,0.27855383890032726,0.49912665606859685,0.24769356101751328,0.5479206144809723,0.4520793855190277,0.46130794286727905,0.44285082817077637,-85.52489869270879,115.34048959610475,152.7175183751646,0.9221756729212675,0.3727830903026831
104,3.461049382716049,112.77841049169766,153.28395502245613,157.5557588418697,68.92848103390925,6.519316727368164,0.30907174974319435,0.47525250539152497,0.2521776631474495,0.5530280470848083,0.44697195291519165,0.45243382453918457,0.44151008129119873,-84.36457363205557,112.77841049169766,153.28395502245613,0.9218331159967365,0.27806907719556684
105,3.4943287037037036,98.62229043743805,150.0359106649295,152.29051377593836,70.90885981926115,6.0368536775478105,0.30392919371584365,0.4516104610106471,0.2592233270406723,0.5593453943729401,0.44065460562705994,0.4412998557090759,0.44000935554504395,-82.59152861394071,98.62229043743805,150.0359106649295,0.9215987848513054,0.24014113278590069
106,3.5276080246913577,83.77727607404738,152.225357733717,139.17144869167782,77.26076753123013,5.222996017909111,0.311408114112388,0.4609914991571432,0.2652623802423477,0.5597321391105652,0.4402678608894348,0.43977272510528564,0.440762996673584,-81.00353772311918,83.77727607404738,152.225357733717,0.9207057681950656,0.2147915914131802
107,3.560887345679012,81.669199321437,138.67202736440905,115.61001180374686,76.63439375295083,4.149794801843228,0.3616385722971442,0.4474139047743277,0.2707190066576004,0.56051105260849,0.43948894739151,0.4410361647605896,0.4379417300224304,-78.49439166274256,81.669199321437,138.67202736440905,0.9198426929387179,0.21659870015124377
108,3.5941666666666667,76.62303265406786,120.24532855535894,123.86630172507552,75.89779407020629,2.2006051303118284,0.37593241137590394,0.5080251199069885,0.2786298543214798,0.5601845681667328,0.4398154318332672,0.4446353316307068,0.43499553203582764,-75.59535143921168,76.62303265406786,120.24532855535894,0.9170940807371428,0.1859390629134135
109,3.627445987654321,65.89917304877339,116.70609934797552,82.83692164391415,81.98757396909524,1.7949408699848561,0.3920216484067363,0.4441949682753969,0.28504718840122223,0.5571532845497131,0.44284671545028687,0.4504866600036621,0.4352067708969116,-72.7547834297194,65.89917304877339,116.70609934797552,0.9128034747008121,0.1536031832728074
110,3.6607253086419753,72.61228583260193,111.85908204810393,60.94263850953851,85.3828205872417,3.9009179066097204,0.38863249691035057,0.33602202044644963,0.28939807415008545,0.5568500459194183,0.44314995408058167,0.45152854919433594,0.4347713589668274,-69.98939000346553,72.61228583260193,111.85908204810393,0.9098249926711574,0.24219027236931082
111,3.6940046296296294,68.09690800530983,113.27110287962083,67.22561764053508,86.36808049407792,4.65293088530467,0.4199199226451852,0.36986827318305987,0.2899245619773865,0.5572657883167267,0.4427342116832733,0.4532287120819092,0.43223971128463745,-67.04668909426107,68.09690800530983,113.27110287962083,0.9063732876922145,0.28325056574167834
112,3.727283950617284,53.347677702746914,103.00736025713128,93.03989425538724,94.05982812298184,4.516712578274223,0.4298263880987915,0.24432899003298753,0.30110764503479004,0.5403807759284973,0.4596192240715027,0.4907795786857605,0.4284588694572449,-63.91529145486771,53.347677702746914,103.00736025713128,0.8991543072642703,0.2672176369868578
113,3.760563271604938,44.873438745575804,121.47058069391132,51.46402392558638,77.2360967270143,1.3118716096283265,0.4390533318845667,0.394934900529151,0.3153228461742401,0.5443161129951477,0.4556838870048523,0.49658310413360596,0.41478466987609863,-60.773288041196004,44.873438745575804,121.47058069391132,0.8940622174378597,0.272999692682648
114,3.7938425925925925,102.55455481873423,106.51452171258471,70.18701640385211,106.13915679141327,0.42438394863825124,0.40654796539175586,0.3060450743514408,0.3113369643688202,0.5462480783462524,0.45375192165374756,0.4887656569480896,0.4187381863594055,-59.158480187045804,102.55455481873423,106.51452171258471,0.8863584886897694,0.3115109582172849
115,3.8271219135802466,77.63438006121736,101.2883005470576,70.00012246052688,95.82258398044512,0.4284372764858233,0.39408116145889777,0.29299344734685506,0.3100132942199707,0.5514044463634491,0.4485955536365509,0.4763660430908203,0.4208250641822815,-57.1443742395849,77.63438006121736,101.2883005470576,0.8781346200090466,0.21494775183917328
116,3.860401234567901,62.16250076921151,92.43963414992346,71.80648276477098,87.3942710756519,2.3010252159587594,0.38921024719406283,0.2501496133155032,0.31136345863342285,0.5583534836769104,0.4416465163230896,0.46167129278182983,0.42162173986434937,-55.229970279946684,62.16250076921151,92.43963414992346,0.8718841292641379,0.16050922420919578
117,3.8936805555555556,59.78572982077092,93.08893396261023,64.0606865991548,82.41167571834883,1.6201081170009104,0.410770148317733,0.27243868007675126,0.3147913068532944,0.5607538819313049,0.43924611806869507,0.45647573471069336,0.4220165014266968,-54.87748177631092,59.78572982077092,93.08893396261023,0.8649525777860121,0.15024708626722555
118,3.9269598765432097,66.2809526117825,97.90234357225826,66.6288647273517,82.90316457205019,1.9232976012521021,0.40240541834144167,0.25682596577166245,0.3176376670598984,0.5656825006008148,0.4343174993991852,0.4458574056625366,0.42277759313583374,-54.74146786390012,66.2809526117825,97.90234357225826,0.8609573190862482,0.1291724038305923
119,3.960239197530864,63.44878437168061,96.38826566682762,63.60639247188581,83.48898285421112,2.0922765281277407,0.41575522530213793,0.2521183340887667,0.31725364923477173,0.562987893819809,0.43701210618019104,0.45103681087493896,0.4229874014854431,-54.77093204075886,63.44878437168061,96.38826566682762,0.8564865823948022,0.1028763578891329
120,3.9935185185185182,62.54187156424366,99.27616964337491,65.28271027206569,82.71451302407102,2.317582665574548,0.41597247021766953,0.23987013688349126,0.31905779242515564,0.5632019639015198,0.4367980360984802,0.4507703185081482,0.42282575368881226,-54.75821424083094,62.54187156424366,99.27616964337491,0.8537497132113485,0.08752239107070292
121,4.026797839506172,60.25030520385753,96.89288398316285,66.72524572842289,80.44204429322754,2.258629062649703,0.4131547284144918,0.2381208603028477,0.3166026324033737,0.5620703101158142,0.4379296898841858,0.45308297872543335,0.42277640104293823,-54.71679039691291,60.25030520385753,96.89288398316285,0.8505629454598282,0.0585241258256149
122,4.060077160493827,61.820411845286415,94.65282950098853,62.75086657058453,78.66266597584308,1.6751652441426756,0.41917073687424383,0.25975919755835714,0.31502796709537506,0.5616496205329895,0.4383503794670105,0.4540545344352722,0.4226462244987488,-54.73802548774146,61.820411845286415,94.65282950098853,0.8481273091200626,0.09726819495904493
123,4.093356481481481,62.103445603667446,99.06762206090558,60.96840650513602,79.79724888249027,1.4996080477215514,0.4176118300128593,0.29070838190536724,0.31416305899620056,0.5616982877254486,0.4383017122745514,0.4544602632522583,0.4221431612968445,-55.054100158796196,62.103445603667446,99.06762206090558,0.8480903280503822,0.12487837025456926
124,4.126635802469136,60.31313976734399,102.32230794565102,61.31992865954623,82.67875351272134,0.3637228219693327,0.4557428144624434,0.28886067934182313,0.3101917803287506,0.5534342527389526,0.44656574726104736,0.4707251787185669,0.42240631580352783,-55.9518052672293,60.31313976734399,102.32230794565102,0.8474814846660151,0.17389024723561375
125,4.15991512345679,55.975674063565464,101.46837356907126,70.09899814720286,81.29256271430997,1.4779562801364818,0.4842004533481177,0.23323750527253925,0.3092034161090851,0.5470998585224152,0.45290014147758484,0.4819788932800293,0.4238213896751404,-58.91816009983084,55.975674063565464,101.46837356907126,0.8487917428666895,0.21105852488372304
126,4.193194444444444,50.53900819542762,102.42561047507903,60.002733386917406,83.74730177520478,2.7137503379279906,0.45309465756395373,0.3383072149392788,0.2983842194080353,0.5461730062961578,0.45382699370384216,0.47241032123565674,0.4352436661720276,-61.2376296492996,50.53900819542762,102.42561047507903,0.8518679747075746,0.2860437757001033
127,4.2264737654320985,60.02678703884634,133.55734352625583,57.43336164798193,75.36379635219545,1.6242931826916163,0.4783266449600183,0.35420991142037456,0.2907774746417999,0.544382780790329,0.455617219209671,0.4731811285018921,0.43805330991744995,-64.59971913095711,60.02678703884634,133.55734352625583,0.853679791544423,0.2738213054337739
128,4.259753086419753,69.85326745695288,143.0778882531089,54.73947043700185,72.09036711904868,0.49743995337408364,0.45879162796242445,0.3590873964849353,0.2804641127586365,0.5528495013713837,0.44715049862861633,0.45494240522384644,0.43935859203338623,-68.71898897755867,69.85326745695288,143.0778882531089,0.8583018842971686,0.32788088362434575
129,4.2930324074074075,93.05780794734123,148.4174372574168,108.55665143165957,70.2582684328756,0.6816922357778026,0.2994186775611819,0.48424141800084175,0.2759792357683182,0.5473003387451172,0.4526996612548828,0.45684951543807983,0.4485498070716858,-72.04998441988117,93.05780794734123,148.4174372574168,0.8622278083454479,0.33338585329866816
130,4.326311728395061,100.94409296735068,147.20529411950344,144.68662219848505,64.0384711390858,2.7897427888391633,0.2884701399415136,0.540468860254546,0.2608199492096901,0.5500484704971313,0.44995152950286865,0.45207732915878296,0.44782572984695435,-74.65952548846029,100.94409296735068,147.20529411950344,0.8690016766389211,0.38334841573910317
131,4.359591049382716,104.05419624997091,136.71879218842568,156.86826561972543,63.306628586844695,5.031700785836563,0.2695639137706999,0.533448611391555,0.24943096935749054,0.5470588505268097,0.4529411494731903,0.45350104570388794,0.4523812532424927,-76.9723757321672,104.05419624997091,136.71879218842568,0.8737085877042828,0.418599279777092
132,4.39287037037037,107.83901971561698,143.93682992954427,160.1375865778491,64.93793501453683,6.078301181357347,0.2349038762467971,0.546561654460454,0.23379449546337128,0.5431068241596222,0.4568931758403778,0.4548857808113098,0.4589005708694458,-79.35599592448224,107.83901971561698,143.93682992954427,0.8800976249304685,0.44173304388694434
133,4.426149691358025,120.78780446583146,137.66499319782145,157.51005473931716,56.589733069552594,6.194948990260741,0.2814360265183299,0.5585145105211008,0.21708367764949799,0.5336336195468903,0.46636638045310974,0.46759653091430664,0.46513622999191284,-82.08361032417196,120.78780446583146,137.66499319782145,0.886834821917794,0.4652267913990848
134,4.459429012345679,131.78763280158606,126.33947141799165,157.55259487053053,52.30945084880252,6.387025127904394,0.32821445564375956,0.5781367420052086,0.21190983802080154,0.5239441096782684,0.47605589032173157,0.475394070148468,0.4767177104949951,-84.05941168321974,131.78763280158606,126.33947141799165,0.890199135650288,0.45536103263441097
135,4.492708333333333,139.968625162626,129.18187714786828,163.49101258981267,49.23241289051799,7.201089803094419,0.3730225140743936,0.6451703950182984,0.20945871621370316,0.5047846138477325,0.49521538615226746,0.48563462495803833,0.5047961473464966,-85.20168111948786,139.968625162626,129.18187714786828,0.8921064644148855,0.7490220600269004
136,4.525987654320987,147.38368763211906,134.64071215752983,165.70857744840723,42.28271373227978,7.5714336070792,0.44439175534135483,0.6917001467526182,0.21295689791440964,0.4952743798494339,0.5047256201505661,0.497683048248291,0.5117681920528412,-85.32288459225302,147.38368763211906,134.64071215752983,0.8944370836922617,0.9370645657511759
137,4.559266975308642,160.63151209387323,145.16914263318918,161.44566403727325,28.23469384342667,6.936265180682312,0.5786800891890371,0.7616763492304905,0.15544121712446213,0.4650096446275711,0.5349903553724289,0.5299063622951508,0.540074348449707,-86.46436369589783,160.63151209387323,145.16914263318918,0.899751294742931,0.9885933195242386
138,4.592546296296296,163.72978414419637,147.1764596340397,164.50724563134773,26.90467532515816,6.704279815475047,0.5093977571690944,0.8212845836172596,0.10679510980844498,0.4514565020799637,0.5485434979200363,0.5427696406841278,0.5543173551559448,-87.86662168473813,163.72978414419637,147.1764596340397,0.9044884786461339,0.8989658637191655
139,4.62582561728395,165.05813705190175,150.1627779298906,164.13089454454928,28.960535220058013,6.768030015169074,0.49048371326187234,0.7349370836969225,0.1253185011446476,0.4577350318431854,0.5422649681568146,0.5355110168457031,0.549018919467926,-88.07057548958676,165.05813705190175,150.1627779298906,0.9089128736293677,0.9241428205043882
140,4.6591049382716045,165.29876334982686,155.4939388498402,166.05366014767202,33.048810417143656,6.9766381075504,0.43870903348847345,0.7205850889474034,0.1212247721850872,0.45611685514450073,0.5438831448554993,0.5401387214660645,0.5476275682449341,-88.57971623719776,165.29876334982686,155.4939388498402,0.912422756354014,0.5873501033057977
141,4.692384259259259,165.60909044208037,154.22827584837293,163.3858104059885,37.88850997909162,5.839159299341418,0.4052093163558025,0.6815346882133331,0.13550613075494766,0.4550312012434006,0.5449687987565994,0.5495328009128571,0.5404047966003418,-89.40985701503598,165.60909044208037,154.22827584837293,0.9104622295408538,0.3625376464335683
142,4.725663580246914,158.7183400350143,149.36061533528175,160.11055455044828,44.31005020347578,5.713642802464619,0.3441432467341626,0.6727324353943959,0.14333100616931915,0.4506843239068985,0.5493156760931015,0.5592970550060272,0.5393342971801758,-90.02420926772324,158.7183400350143,149.36061533528175,0.9138590874093951,0.2855701128446875
143,4.758942901234568,163.53452525982428,160.5740702802381,164.33225469831382,69.5239127071279,5.512328009107591,0.31758645202760283,0.5938056199385493,0.13798921555280685,0.4387329965829849,0.5612670034170151,0.5646012127399445,0.5579327940940857,-91.33323257952433,163.53452525982428,160.5740702802381,0.9134175217512882,0.37176441865457804
144,4.792222222222222,153.79423107773178,161.60956897324223,164.51608365915266,52.09957978807128,6.002614923399506,0.28450691353674573,0.5958862816287531,0.14369606226682663,0.4351256191730499,0.5648743808269501,0.5630405843257904,0.5667081773281097,-90.97347874511799,153.79423107773178,161.60956897324223,0.9125912731344049,0.3355582550694791
145,4.825501543209876,166.61112811392786,155.8133648143245,165.00911869150258,57.83999166873053,6.328991436385309,0.26952928040418783,0.6348508787314416,0.16117635369300842,0.4418925493955612,0.5581074506044388,0.5456593334674835,0.570555567741394,-89.78075769523072,166.61112811392786,155.8133648143245,0.9065694158727472,0.31832296448411806
146,4.858780864197531,164.9173320147407,156.89256292478967,165.98631784456464,64.79823740548315,5.639991982345748,0.26436558848349245,0.665675950065949,0.1693936511874199,0.443046897649765,0.556953102350235,0.5433373749256134,0.5705688297748566,-88.4596298587574,164.9173320147407,156.89256292478967,0.9013711972670122,0.609359647282184
147,4.892060185185185,166.44513734641745,160.42989924447463,168.89858712076705,62.296328087128025,5.0123835978608895,0.25055333260011514,0.7101574873397442,0.17546162009239197,0.44261516630649567,0.5573848336935043,0.5418262779712677,0.572943389415741,-87.78467429356702,166.44513734641745,160.42989924447463,0.8966036411848936,0.6387622861756332
148,4.925339506172839,166.6360127982853,161.9788174102954,170.36262538970934,64.85727388764742,5.887688091621158,0.24556298807750415,0.7504618255212978,0.23694677650928497,0.44463464617729187,0.5553653538227081,0.5384988486766815,0.5722318589687347,-86.26756558171013,166.6360127982853,161.9788174102954,0.8958531509746205,0.8709242009073828
149,4.958618827160493,166.44252854866323,163.8523523881517,169.05971412211,64.18212813557767,5.903619368662589,0.27374770327295217,0.7439655237461898,0.2483736351132393,0.4468722939491272,0.5531277060508728,0.5332059860229492,0.5730494260787964,-86.2103119140519,166.44252854866323,163.8523523881517,0.896070987889261,0.8358959899323922
150,4.991898148148148,39.986063930873335,155.3245457192639,164.71473308885578,69.19957337137154,6.507057660979683,0.22328292956139992,0.6364867214090232,0.19174457341432571,0.4376484751701355,0.5623515248298645,0.5530035495758057,0.5716995000839233,-86.0626998418177,39.986063930873335,155.3245457192639,0.8954791923364004,0.9013939999772552
151,5.025177469135802,170.775699968737,160.63072793903982,165.5756540558046,64.95658786114458,5.6363531837265555,0.24525808990881917,0.6408027468435757,0.19371050596237183,0.4391428232192993,0.5608571767807007,0.5483929812908173,0.5733213722705841,-85.14391705562075,170.775699968737,160.63072793903982,0.8922612883827903,0.5503578551246576
152,5.058456790123457,145.81784932811155,154.46056725653344,161.4411355728075,58.973608211823596,5.165955793564535,0.24313774966482155,0.5880872234714929,0.17733971774578094,0.4346279501914978,0.5653720498085022,0.5594915151596069,0.5712525844573975,-83.899897739333,145.81784932811155,154.46056725653344,0.8955493822242274,0.5166752257276852
153,5.091736111111111,150.57579915977595,148.70400539977692,161.62153618708564,56.89030597291426,7.071722957118595,0.2993884928322977,0.5506261467491281,0.1796436458826065,0.4367126375436783,0.5632873624563217,0.556629866361618,0.5699448585510254,-80.39343576890835,150.57579915977595,148.70400539977692,0.8940317883636012,0.2472200916175279
154,5.125015432098765,157.53647747917609,155.05717654237057,157.63248732825176,54.70449398581512,7.403151221877522,0.31555735071809354,0.5768983441568405,0.17703832685947418,0.4421609789133072,0.5578390210866928,0.557100772857666,0.5585772693157196,-78.93970689129173,157.53647747917609,155.05717654237057,0.8972381832021655,0.4963692365076685
155,5.15829475308642,155.60087506490737,153.92426634110137,159.9560922113319,42.17492479761184,7.186880341855101,0.3492398620639326,0.6491269968151625,0.1783134862780571,0.454634889960289,0.545365110039711,0.5484795868396759,0.5422506332397461,-77.70062959934079,155.60087506490737,153.92426634110137,0.898650606473287,0.7523384014811183
156,5.191574074074074,137.6853895363995,125.39142194603058,158.95681224756842,46.06593558849783,11.497781402050009,0.3314860211357199,0.6032657458132994,0.2067328244447708,0.48812997341156006,0.5118700265884399,0.5114547312259674,0.5122853219509125,-76.15130811055987,137.6853895363995,125.39142194603058,0.8965763747692108,0.9154743418905239
157,5.224853395061728,84.33361801136786,102.13082243451426,156.4600069148936,53.68043269382323,8.894459965210046,0.2671242184494189,0.538904439311507,0.2504355311393738,0.528616726398468,0.471383273601532,0.46513885259628296,0.477627694606781,-75.1507680222252,84.33361801136786,102.13082243451426,0.8937300831982584,1.0003496067229283
158,5.258132716049382,146.43047900645556,133.13949344359884,122.83147769161481,47.02446156281969,9.57779957824934,0.2738843219908675,0.5286241975020349,0.27749237418174744,0.5421493649482727,0.4578506350517273,0.45761799812316895,0.45808327198028564,-69.0388577754524,146.43047900645556,133.13949344359884,0.8985665214784218,1.1571580281555427
159,5.291412037037037,134.85774163176004,103.42824692265039,44.956471545675875,49.90493061995581,4.648789600351222,0.3515724422097806,0.4499873806349904,0.28686825931072235,0.5599988996982574,0.44000110030174255,0.4453739523887634,0.4346282482147217,-64.18772592115424,134.85774163176004,103.42824692265039,0.8984170447696339,1.0141345018465784
160,5.324691358024691,74.65380301910191,92.3765443912287,63.85936522711525,71.91910685232799,2.1764451771538234,0.3399446842489066,0.4825506900732043,0.32549603283405304,0.5605214536190033,0.4394785463809967,0.45079994201660156,0.42815715074539185,-61.91975876080148,74.65380301910191,92.3765443912287,0.8932321559299122,0.7318114192033418
161,5.357970679012346,107.83334130038148,116.16065552536541,123.38729294698226,98.02544053773735,5.068043168675729,0.19137674791818687,0.3691454986091704,0.3178177624940872,0.5419151484966278,0.4580848515033722,0.4644983410835266,0.4516713619232178,-68.34864971868951,107.83334130038148,116.16065552536541,0.8801072050224651,0.7483355100556826
162,5.391249999999999,109.1548177569493,69.295448205817,138.6104749000413,114.58060660312744,132.15440743520534,0.1361586290859818,0.41164473667872725,0.30604933202266693,0.5374226868152618,0.46257731318473816,0.46750515699386597,0.45764946937561035,-79.30631292017586,109.1548177569493,69.295448205817,0.8682152150255261,0.826461640615982
163,5.424529320987654,159.81224965302565,142.16699329229115,148.63154181524828,136.48151107435672,0.3719443573881449,0.206545187613091,0.3978979963434349,0.31934911012649536,0.5072193443775177,0.4927806556224823,0.49872082471847534,0.48684048652648926,-84.13679771661822,159.81224965302565,142.16699329229115,0.8573513636083314,0.8023053009174744
164,5.4578086419753085,145.05993360667,64.68673163365763,167.3035883346195,118.36436770359532,8.631089496800712,0.20702102839405342,0.5834237511902083,0.286840096116066,0.5006704181432724,0.4993295818567276,0.4979269504547119,0.5007322132587433,-92.70479444022419,145.05993360667,64.68673163365763,0.8449441501588533,0.9756168591369642
165,5.491087962962963,147.89325143412387,139.58572574132762,173.5942682318983,145.44531273120612,11.377017971503335,0.19003096275497253,0.6517340745195848,0.26681947708129883,0.4724365770816803,0.5275634229183197,0.5123513042926788,0.5427755415439606,-96.7767660891744,147.89325143412387,139.58572574132762,0.8346035056041948,1.0106011249057676
166,5.524367283950617,155.73856272727912,56.63173540407606,176.1393722886685,145.7603090871215,8.969879391808291,0.16312181635727852,0.6838635946936125,0.24643951654434204,0.4279123693704605,0.5720876306295395,0.5730667114257812,0.5711085498332977,-100.99122160961373,155.73856272727912,56.63173540407606,0.8231326179070906,0.9927124973238521
167,5.557646604938271,113.91026959242976,118.89730524054109,175.64042539613473,166.4119827747094,7.104102885818577,0.1734929963174048,0.4465951760647965,0.22803881764411926,0.4271138906478882,0.5728861093521118,0.5737529098987579,0.5720193088054657,-101.22514460174382,113.91026959242976,118.89730524054109,0.8051646640806487,0.886369366677738
168,5.590925925925926,146.6226556958673,139.65258152081066,170.55970617856386,164.3817424102301,7.557121388708566,0.1641926651630376,0.20867778524824032,0.19802017509937286,0.42648154497146606,0.5735184550285339,0.5688295066356659,0.578207403421402,-97.95856978494471,146.6226556958673,139.65258152081066,0.7932264217824647,0.7343711312140593
169,5.62420524691358,145.6238214700927,157.8829566664486,174.39589948785533,170.57787236130238,5.93828505162179,0.15927914127523538,0.11532760024811804,0.18288109451532364,0.42964935302734375,0.5703506469726562,0.5632450580596924,0.5774562358856201,-97.92214363929868,145.6238214700927,157.8829566664486,0.7843107626293645,0.4569441091878885
170,5.657484567901235,145.96324006511998,176.35292103948538,172.7850243666838,174.8407938853279,5.875478707014054,0.16254025542715864,0.057309313724090816,0.17496812343597412,0.43457309901714325,0.5654269009828568,0.558124840259552,0.5727289617061615,-99.05596439459828,145.96324006511998,176.35292103948538,0.7789949959877766,0.39363213100032013
171,5.690763888888888,147.95184019586426,173.55682346273844,176.24824116834571,169.44635149595246,3.266416642877573,0.19100417414376847,0.071710102400566,0.17455648630857468,0.43734660744667053,0.5626533925533295,0.5558310449123383,0.5694757401943207,-100.22664119939817,147.95184019586426,173.55682346273844,0.7714829837734049,0.23315262932128045
172,5.724043209876543,143.1290734283947,155.23774699227303,175.8181816484976,171.79242265166303,4.101584367734972,0.17458629339241113,0.04913277827994338,0.16859464347362518,0.4425041228532791,0.5574958771467209,0.5523195266723633,0.5626722276210785,-100.00432528232258,143.1290734283947,155.23774699227303,0.7644187546137607,0.15171315017730713
173,5.757322530864197,137.866123968153,166.7290862134496,174.30063673058453,170.6642436659471,3.9446918409758496,0.1820572695507476,0.11653687507010999,0.17147425562143326,0.444160595536232,0.555839404463768,0.5503160357475281,0.5613627731800079,-101.34108088221063,137.866123968153,166.7290862134496,0.757224853291656,0.16757723910697037
174,5.790601851851852,135.28338643205998,149.99926033049624,179.1850717553418,163.3851878403386,2.6049340033209205,0.2094555923321358,0.09241445407246068,0.17130500078201294,0.44606880843639374,0.5539311915636063,0.549040675163269,0.5588217079639435,-100.50401267562258,135.28338643205998,149.99926033049624,0.7498792093811613,0.1688121411875823
175,5.823881172839506,134.48366787119758,127.3804702569326,178.72141658378655,168.87456778818597,2.293009772028171,0.1824294287602716,0.09257588425904172,0.15935157239437103,0.4464503228664398,0.5535496771335602,0.5486118793487549,0.5584874749183655,-100.39773485963661,134.48366787119758,127.3804702569326,0.740368973125111,0.13463387961039297
176,5.85716049382716,135.32193378938615,123.87064170601397,178.5039883079571,170.63619680916005,4.397395269702685,0.17937019720179845,0.13279212464613085,0.15643620491027832,0.4471966177225113,0.5528033822774887,0.5478340983390808,0.5577726662158966,-99.98012736083064,135.32193378938615,123.87064170601397,0.7349569002787272,0.12413682488331741
177,5.8904398148148145,145.48085946699422,140.1514045178261,178.68722065168953,174.14067189903255,6.704507556874688,0.15466867207610296,0.12172307991536856,0.15461848676204681,0.44842876493930817,0.5515712350606918,0.5461972653865814,0.5569452047348022,-99.95904827424937,145.48085946699422,140.1514045178261,0.7246212272933035,0.13320808803523923
178,5.923719135802469,138.1883942729806,150.9908700493545,177.9019341564782,172.83570470816048,5.460690591522081,0.16316856496310223,0.10305952050683793,0.15574900805950165,0.44952592253685,0.55047407746315,0.5447443127632141,0.5562038421630859,-96.98359729813764,138.1883942729806,150.9908700493545,0.7209039213079395,0.06541865949426105
179,5.9569984567901235,141.81211143500687,138.56298753925165,177.14319945257432,174.47986266495664,4.855719580908527,0.15136956324070008,0.10172260426194717,0.15711290389299393,0.4526677876710892,0.5473322123289108,0.5389775633811951,0.5556868612766266,-95.66621824729445,141.81211143500687,138.56298753925165,0.7128896008838307,0.05089620533322763
180,5.990277777777777,139.75408598677285,141.15603303039182,175.10346876882642,173.43105244373174,4.914037472291113,0.15266879478319836,0.10612707621442101,0.15779109299182892,0.45262426137924194,0.5473757386207581,0.5388845503330231,0.555866926908493,-94.80931839334637,139.75408598677285,141.15603303039182,0.7077501497485421,0.06042055254767523
181,6.023557098765432,140.09729277022257,139.52303254133656,174.03588249179145,171.75299961519625,5.039890065643391,0.1550577003292048,0.10865990699318617,0.15833865106105804,0.4523968994617462,0.5476031005382538,0.5380419194698334,0.5571642816066742,-94.62601937224596,140.09729277022257,139.52303254133656,0.70130470124158,0.0948070885687396
182,6.056836419753086,141.0457818582167,130.4912799874421,175.93330510294211,173.1220802240811,5.329518908184184,0.1528125470616156,0.11810063810063758,0.15919207781553268,0.4560801088809967,0.5439198911190033,0.5325055122375488,0.5553342700004578,-94.72926745740004,141.0457818582167,130.4912799874421,0.6928662260373434,0.10394556985287678
183,6.090115740740741,140.63781398975732,145.84624278130963,177.19111047269973,173.15008186823772,4.9973122531865215,0.15346223095124914,0.14131179033030936,0.16350454837083817,0.4619666635990143,0.5380333364009857,0.524713933467865,0.5513527393341064,-94.30130344544408,140.63781398975732,145.84624278130963,0.6826241720806469,0.11846011069716118
184,6.123395061728395,140.85554979626284,152.94539794953772,178.01456868550613,171.67847005526642,4.711919465092478,0.1552713570262401,0.13782930568963203,0.1682378202676773,0.4634007215499878,0.5365992784500122,0.5231838524341583,0.5500147044658661,-93.38885445251621,140.85554979626284,152.94539794953772,0.6768330033078338,0.17441606484952452
185,6.156674382716049,140.8878143212426,153.372809877023,178.07454658536398,171.30924307318543,4.280194224305802,0.15789138370206424,0.16199981809008945,0.17104846239089966,0.4646960198879242,0.5353039801120758,0.5233745872974396,0.547233372926712,-92.85185322018471,140.8878143212426,153.372809877023,0.6717348297437032,0.25867417555533684
186,6.189953703703703,145.74325115007812,151.15411555518554,177.79246224791348,164.84669850686396,4.725854916587423,0.17145010315593198,0.17240220105756662,0.18094544857740402,0.4650624245405197,0.5349375754594803,0.5236166715621948,0.5462584793567657,-91.27899189506655,145.74325115007812,151.15411555518554,0.6679041263732043,0.456966736107204
187,6.223233024691358,147.80497448857741,150.78434054755127,176.28650753339645,160.5562599479079,4.40266148122376,0.19335579663239327,0.10349002088311286,0.1903846338391304,0.48015478253364563,0.5198452174663544,0.5150136351585388,0.5246767997741699,-91.71881972996522,147.80497448857741,150.78434054755127,0.6658854136864344,0.4680436057657001
188,6.256512345679012,141.30313024594142,150.33816710132191,173.73679653392395,155.4210984754328,4.712823447711571,0.22926862591474736,0.11288575429223834,0.2147478237748146,0.5122470259666443,0.4877529740333557,0.4857725501060486,0.48973339796066284,-91.1535237738404,141.30313024594142,150.33816710132191,0.6666216430338946,0.511547889671885
189,6.289791666666666,146.73861404171615,148.63467335573665,172.7004963919466,156.92852663184536,4.728409266179881,0.21181326095070557,0.11918648917650422,0.22102691233158112,0.5148281455039978,0.4851718544960022,0.48250240087509155,0.48784130811691284,-90.29377795970937,146.73861404171615,148.63467335573665,0.6680118671872399,0.5028516179911356
190,6.3230709876543205,149.3037976889894,150.09421114079407,172.8034604214199,155.41395875952304,4.317177384423388,0.20504305036692566,0.1017337134668847,0.22400042414665222,0.5247248113155365,0.4752751886844635,0.473724365234375,0.476826012134552,-89.07188716997305,149.3037976889894,150.09421114079407,0.670149257237261,0.4716389294530023
191,6.356350308641975,144.94092297323473,145.97656730645696,169.27579621562276,138.65383195677634,3.7405314302213526,0.24391652442007086,0.10349597555022949,0.23245646804571152,0.5246165990829468,0.4753834009170532,0.47138428688049316,0.4793825149536133,-88.06281482582074,144.94092297323473,145.97656730645696,0.6741521900350397,0.2672585739574341
192,6.3896296296296295,147.86823001956571,149.64267243600344,172.00306394005457,147.88650653234728,3.582867480942923,0.2214878740528484,0.11176584781761702,0.2434142529964447,0.5308513939380646,0.4691486060619354,0.46755558252334595,0.4707416296005249,-87.18602827650807,147.86823001956571,149.64267243600344,0.678044939582998,0.2800103930374878
193,6.422908950617284,153.9649668425668,155.02441529318278,171.64217406314407,133.49367044458816,2.9286059293424955,0.23827867214641865,0.16635283336637663,0.2463660016655922,0.5253035724163055,0.47469642758369446,0.47260475158691406,0.47678810358047485,-86.78950031525002,153.9649668425668,155.02441529318278,0.6816708140752532,0.23852220548940833
194,6.456188271604938,153.7872610633041,158.72953347743854,173.79709030451983,143.75355381658264,3.202797275949081,0.22536202111467696,0.24326265637672012,0.2521147131919861,0.5184952020645142,0.48150479793548584,0.4778097867965698,0.48519980907440186,-86.13493682161923,153.7872610633041,158.72953347743854,0.6850973907293696,0.19994902596213587
195,6.489467592592592,152.7615646388875,157.0365709422815,176.039030746811,146.7461516211251,3.2121297393160546,0.22030618116726292,0.2733551683700731,0.25517696142196655,0.5169495344161987,0.48305046558380127,0.47734129428863525,0.4887596368789673,-85.41233728878153,152.7615646388875,157.0365709422815,0.6877779791300948,0.13260910529122932
196,6.522746913580247,156.64527026286436,155.3490720126451,173.7657260597082,136.7089974707344,3.098722437138065,0.23030293018267856,0.2800936073593611,0.2563219517469406,0.5152632296085358,0.48473677039146423,0.4788098931312561,0.49066364765167236,-84.6302461448319,156.64527026286436,155.3490720126451,0.6910001360105745,0.1235759201607958
197,6.556026234567901,156.85358907288125,154.90450785072377,177.212032719179,146.83049666305132,3.380237414333095,0.22626524218713367,0.2994252118073217,0.25582262873649597,0.5165735483169556,0.48342645168304443,0.47695720195770264,0.48989570140838623,-83.6423206610619,156.85358907288125,154.90450785072377,0.6929884577790896,0.09648160673617343
198,6.589305555555555,155.89523802162188,156.2147096796789,173.7004671015666,138.53415236230714,3.4261603401338334,0.2278755230546756,0.28854909552917896,0.2564520612359047,0.5213130414485931,0.47868695855140686,0.4700319170951843,0.4873420000076294,-82.89246642216824,155.89523802162188,156.2147096796789,0.6959484549182834,0.08173097946396295
199,6.622584876543209,156.0052945534188,154.64520144913882,172.892313260699,140.88897719312754,3.4764842522777712,0.22755778298912402,0.26857481768356634,0.25583621114492416,0.5256721079349518,0.4743278920650482,0.46492481231689453,0.4837309718132019,-82.16094394072663,156.0052945534188,154.64520144913882,0.6977650209358244,0.0879287425919821
200,6.655864197530864,155.41928263877546,154.5064939367483,171.34727545351132,137.0236978547943,3.241914504937114,0.23097727025969275,0.2041342208215661,0.25587689876556396,0.5266470313072205,0.47335296869277954,0.465840220451355,0.4808657169342041,-81.80450192893063,155.41928263877546,154.5064939367483,0.7008788973996134,0.08977638891807399
201,6.689143518518518,155.37636652677315,152.45850317297348,170.92079151024166,135.83382479071145,3.1605365325815455,0.22925068121820863,0.31067063709371234,0.2586634010076523,0.5253595113754272,0.47464048862457275,0.46831852197647095,0.48096245527267456,-81.68824353914256,155.37636652677315,152.45850317297348,0.701905976868037,0.0899916523228384
202,6.722422839506173,154.8074473492048,150.30625264240348,170.68668083836707,138.37751568774902,3.066474897954407,0.22792893059690647,0.2995995406534749,0.26020099222660065,0.5246119797229767,0.4753880202770233,0.46956175565719604,0.4812142848968506,-81.43826116045066,154.8074473492048,150.30625264240348,0.7029109725897963,0.1076053996127022
203,6.7557021604938265,152.57753315637606,150.69688392501735,175.89275283748032,156.89604220920467,3.6449398080223148,0.2232921057822381,0.41225163437402007,0.2649803012609482,0.5240111649036407,0.47598883509635925,0.47009778022766113,0.4818798899650574,-81.23168714621995,152.57753315637606,150.69688392501735,0.7031365479483749,0.14322532585007142
204,6.788981481481481,155.50323500858698,148.22150794305452,174.2132953065833,148.33597441691114,3.4804445980394974,0.22926853644847792,0.3469725705946752,0.26696042716503143,0.5310719907283783,0.4689280092716217,0.4699515104293823,0.4679045081138611,-81.2589259868224,155.50323500858698,148.22150794305452,0.7042129123301217,0.16239350685791082
205,6.822260802469136,157.39644306348183,146.72072916730852,158.7797046645118,133.6113912597957,3.378930596001993,0.23470256865759423,0.2571065428007218,0.2616199404001236,0.5354455411434174,0.46455445885658264,0.46653449535369873,0.46257442235946655,-81.32815081335922,157.39644306348183,146.72072916730852,0.7065711032712099,0.194171126064496
206,6.85554012345679,156.05513581322623,136.1984041208489,148.77228922322882,132.14453215089182,2.6388849512540844,0.2507514322544739,0.22745430201473982,0.26366178691387177,0.5413622260093689,0.4586377739906311,0.46236318349838257,0.45491236448287964,-81.9797715540546,156.05513581322623,136.1984041208489,0.7103411099224379,0.17357792364259925
207,6.888819444444444,146.446022925659,115.59162544299343,163.34360236307936,142.08583453197963,2.4432419415345805,0.2431374189480304,0.24232768372891228,0.2643975466489792,0.5483208000659943,0.45167919993400574,0.4539263844490051,0.44943201541900635,-82.71148856058339,146.446022925659,115.59162544299343,0.7116039837851669,0.15078865642780176
208,6.922098765432098,135.54886219418097,111.94485692800632,162.46498221807997,143.14636829127573,1.8803868703712112,0.2340278094433524,0.2636155007910361,0.26571086049079895,0.5487769842147827,0.4512230157852173,0.4546816945075989,0.4477643370628357,-83.70931353674759,135.54886219418097,111.94485692800632,0.7143776150363864,0.11699504236985313
209,6.955378086419753,154.09611475888508,122.36146658203066,164.6875854868878,142.09219025453035,2.379360688350829,0.22463299623985097,0.31559233567646766,0.2686688080430031,0.5507238805294037,0.4492761194705963,0.45366179943084717,0.44489043951034546,-84.05756027272689,154.09611475888508,122.36146658203066,0.7178140921574651,0.09188686915269968
210,6.988657407407407,154.85172525385929,130.9327310478455,168.76585968529676,149.2088293918126,1.6400692387103675,0.21927963876442005,0.37806691828267924,0.26932765543460846,0.5496268570423126,0.4503731429576874,0.454509973526001,0.4462363123893738,-84.3799470985241,154.85172525385929,130.9327310478455,0.7211035580346079,0.05608408598746244
211,7.021936728395062,152.313511950445,136.79312725502058,170.9082006687831,154.2906356484754,1.8881917137700555,0.21666304737090117,0.4706825431796021,0.2712547034025192,0.5504128634929657,0.4495871365070343,0.45308494567871094,0.44608932733535767,-84.15473062321654,152.313511950445,136.79312725502058,0.7258258682083,0.06146219560266741
212,7.055216049382715,147.99679421755732,138.85703887048513,170.63285178290417,155.28949346538428,2.3401377469409965,0.19145104901108187,0.4691591810290406,0.2722838521003723,0.5505620241165161,0.4494379758834839,0.45292264223098755,0.4459533095359802,-82.66059248451204,147.99679421755732,138.85703887048513,0.7295391740220966,0.04607989754907915
213,7.08849537037037,144.12452499599004,136.99914046069287,170.07481305745424,155.57097800872248,2.45568337362414,0.1636936384946401,0.48651528774645125,0.27293743938207626,0.552751749753952,0.447248250246048,0.45295244455337524,0.4415440559387207,-82.12838163258775,144.12452499599004,136.99914046069287,0.7309633411015525,0.05268171124596018
214,7.121774691358024,76.31084143849489,133.22093736962879,164.7583841349315,149.76960404125867,3.29090819149539,0.15914407644897077,0.43256809731313495,0.2721858471632004,0.5521203577518463,0.4478796422481537,0.45245856046676636,0.443300724029541,-81.83959537094545,76.31084143849489,133.22093736962879,0.7313209941441362,0.05021793816963585
215,7.155054012345679,69.07020617292336,127.1253587260864,163.21792757044082,144.98200431218135,8.561657537833355,0.16694121808738197,0.4219397799353029,0.2719919756054878,0.5544906258583069,0.4455093741416931,0.4491961598396301,0.4418225884437561,-79.70256324484967,69.07020617292336,127.1253587260864,0.733630362446561,0.056541354416063686
